idstd2015,id2015,idstd2009,id2009,idstd2005,id2005,a6a,c9b,d1a3,d2,d10,d11,_2015_h8,i2b,i4b,n2a,n2b,n2i,n2e,n2f,n5a,n5b,_2015_h8,l1,k1c,k2c,main_activity_sales,total_purchases_2015,purchased_on_credit
599618.0,10709.0,,,,,1.0,,100.0,-9.0,5.0,5.0,-9.0,,,-9.0,-9.0,,-9.0,-9.0,100000000.0,-9.0,-9.0,22.0,50.0,20.0,-9.0,99999982.0,49999991.0
599621.0,10725.0,,,,,2.0,,50.0,6000000000.0,0.0,0.0,300000000.0,30000000.0,,1600000000.0,36000000.0,,1350000000.0,1350000000.0,0.0,0.0,300000000.0,30.0,0.0,0.0,3000000000.0,300000000.0,0.0
599624.0,10728.0,,,,,3.0,,100.0,20000000000.0,0.0,0.0,0.0,,,145000000.0,60000000.0,,250000000.0,90000000.0,0.0,0.0,0.0,6.0,0.0,0.0,20000000000.0,0.0,0.0
599625.0,10732.0,,,,,2.0,,100.0,102000000000.0,0.0,0.0,0.0,,,3700000000.0,500000000.0,,80000000000.0,600000000.0,0.0,0.0,0.0,18.0,50.0,50.0,102000000000.0,0.0,0.0
599632.0,10749.0,,,,,1.0,,70.0,5000000000.0,0.0,2.0,0.0,50000000.0,,350000000.0,60000000.0,-9.0,,,300000000.0,0.0,0.0,4.0,50.0,0.0,3500000000.0,300000000.0,150000000.0
599635.0,10757.0,,,,,1.0,,80.0,1700000000.0,0.0,0.0,25000000.0,4000000.0,,500000000.0,20000000.0,,1000000000.0,-9.0,0.0,0.0,25000000.0,35.0,100.0,70.0,1360000000.0,25000000.0,25000000.0
599638.0,10768.0,,,,,3.0,,100.0,80000000000.0,0.0,0.0,0.0,350000000.0,,700000000.0,120000000.0,,65000000000.0,70000000.0,0.0,0.0,0.0,12.0,20.0,80.0,80000000000.0,0.0,0.0
599642.0,10783.0,,,,,2.0,,50.0,7000000000.0,0.0,0.0,0.0,,,874000000.0,30000000.0,,-9.0,-9.0,0.0,0.0,0.0,24.0,0.0,32.0,3500000000.0,0.0,0.0
599647.0,10801.0,,,,,2.0,,100.0,8000000000.0,0.0,0.0,0.0,1800000000.0,,1000000000.0,700000000.0,,1200000000.0,100000000.0,300000000.0,0.0,0.0,20.0,70.0,70.0,8000000000.0,300000000.0,210000000.0
599649.0,10809.0,,,,,3.0,,100.0,2000000000.0,0.0,0.0,0.0,300000000.0,,700000000.0,120000000.0,-9.0,,,0.0,0.0,0.0,11.0,100.0,50.0,2000000000.0,0.0,0.0
599653.0,10818.0,,,,,2.0,,90.0,8842000000.0,0.0,5.0,-9.0,,,1200000000.0,50000000.0,,5000000000.0,-9.0,0.0,0.0,-9.0,30.0,50.0,50.0,7957800000.0,-9.0,-4.5
599657.0,10834.0,,,,,3.0,,80.0,2000000000.0,0.0,0.0,0.0,,,800000000.0,30000000.0,-9.0,,,0.0,0.0,0.0,10.0,20.0,30.0,1600000000.0,0.0,0.0
599662.0,10849.0,,,,,2.0,-9.0,70.0,2300000000.0,0.0,0.0,30000000.0,50000000.0,,500000000.0,100000000.0,,540000000.0,200000000.0,50000000.0,0.0,30000000.0,30.0,0.0,30.0,1610000000.0,80000000.0,0.0
599663.0,10850.0,,,,,2.0,,80.0,4200000000.0,0.0,0.0,0.0,130000000.0,,810000000.0,72000000.0,,2800000000.0,36000000.0,0.0,0.0,0.0,30.0,40.0,40.0,3360000000.0,0.0,0.0
599665.0,10853.0,,,,,3.0,,100.0,7000000000.0,0.0,2.0,0.0,420000000.0,,650000000.0,12000000.0,,2000000000.0,500000000.0,1800000000.0,0.0,0.0,13.0,0.0,50.0,7000000000.0,1800000000.0,0.0
599666.0,10858.0,,,,,2.0,,60.0,33635000000.0,0.0,0.0,0.0,36000000.0,,800000000.0,1300000000.0,,-9.0,10000000000.0,0.0,0.0,0.0,25.0,0.0,45.0,20181000000.0,0.0,0.0
599667.0,10860.0,,,,,2.0,1000000.0,70.0,10000000000.0,0.0,1.0,100000000.0,50000000.0,,1800000000.0,50000000.0,-9.0,,,3400000000.0,0.0,100000000.0,30.0,30.0,20.0,7000000000.0,3500000000.0,1050000000.0
599668.0,10864.0,,,,,1.0,,60.0,800000000.0,-9.0,0.0,0.0,,,300000000.0,15000000.0,,180000000.0,50000000.0,0.0,0.0,0.0,15.0,-9.0,-9.0,480000000.0,0.0,-0.0
599669.0,10870.0,,,,,2.0,,80.0,14000000000.0,0.0,0.0,0.0,,,1000000000.0,100000000.0,,4000000000.0,120000000.0,0.0,0.0,0.0,20.0,100.0,35.0,11200000000.0,0.0,0.0
599672.0,10877.0,,,,,3.0,,99.0,9000000000.0,0.0,0.0,0.0,180000000.0,,1500000000.0,360000000.0,,5000000000.0,12000000.0,0.0,0.0,0.0,26.0,30.0,0.0,8910000000.0,0.0,0.0
599677.0,10902.0,,,,,1.0,,90.0,4500000000.0,5.0,0.0,50000000.0,360000000.0,,200000000.0,60000000.0,,500000000.0,24000000.0,0.0,0.0,50000000.0,10.0,50.0,30.0,4050000000.0,50000000.0,25000000.0
599681.0,10910.0,,,,,2.0,,70.0,110000000000.0,0.0,0.0,100000000.0,,,700000000.0,190000000.0,,8500000000.0,500000000.0,1500000000.0,0.0,100000000.0,22.0,30.0,20.0,77000000000.0,1600000000.0,480000000.0
599682.0,10911.0,,,,,2.0,,100.0,4500000000.0,0.0,0.0,0.0,,,600000000.0,36000000.0,,3000000000.0,30000000.0,0.0,0.0,0.0,10.0,70.0,70.0,4500000000.0,0.0,0.0
599684.0,10915.0,,,,,2.0,,100.0,500000000.0,0.0,0.0,0.0,,,120000000.0,1000000.0,300000000.0,,,0.0,0.0,0.0,3.0,70.0,70.0,500000000.0,0.0,0.0
599687.0,10919.0,,,,,2.0,,100.0,10000000000.0,0.0,0.0,0.0,60000000.0,,600000000.0,1100000000.0,,-9.0,-9.0,0.0,0.0,0.0,15.0,0.0,0.0,10000000000.0,0.0,0.0
599689.0,10927.0,,,,,1.0,,70.0,56000000000.0,0.0,0.0,0.0,,,1000000000.0,30000000.0,1100000000.0,,,0.0,0.0,0.0,23.0,0.0,30.0,39200000000.0,0.0,0.0
599697.0,10959.0,,,,,1.0,,98.0,156000000000.0,0.0,0.0,0.0,,,1500000000.0,144000000.0,150000000000.0,,,0.0,0.0,0.0,26.0,20.0,20.0,152880000000.0,0.0,0.0
599698.0,10961.0,,,,,1.0,,100.0,1300000000.0,0.0,0.0,0.0,,,800000000.0,240000000.0,,200000000.0,150000000.0,0.0,0.0,0.0,12.0,30.0,-9.0,1300000000.0,0.0,0.0
599699.0,10964.0,,,,,2.0,,60.0,87260000000.0,0.0,0.0,0.0,,,2000000000.0,50000000.0,,80000000.0,30000000.0,0.0,0.0,0.0,30.0,70.0,70.0,52356000000.0,0.0,0.0
599703.0,10970.0,,,,,2.0,,100.0,130000000000.0,0.0,1.0,0.0,,,2500000000.0,500000000.0,,100000000000.0,1000000000.0,0.0,0.0,0.0,30.0,50.0,50.0,130000000000.0,0.0,0.0
599704.0,10971.0,,,,,2.0,,100.0,7200000000.0,0.0,0.0,0.0,,,1800000000.0,84000000.0,,5300000000.0,1200000000.0,0.0,0.0,0.0,35.0,80.0,100.0,7200000000.0,0.0,0.0
599710.0,10986.0,,,,,1.0,,60.0,5000000000.0,0.0,0.0,0.0,,,1100000000.0,2000000000.0,,5000000.0,200000000.0,0.0,0.0,0.0,15.0,50.0,0.0,3000000000.0,0.0,0.0
599711.0,10989.0,,,,,2.0,,100.0,20000000000.0,0.0,0.0,0.0,,,1000000000.0,25000000.0,,-9.0,-9.0,0.0,0.0,0.0,20.0,50.0,50.0,20000000000.0,0.0,0.0
599716.0,11006.0,,,,,2.0,,60.0,112600000000.0,0.0,0.0,0.0,,,300000000.0,60000000.0,,55000000000.0,20000000.0,0.0,0.0,0.0,20.0,50.0,20.0,67560000000.0,0.0,0.0
599719.0,11027.0,,,,,1.0,30000000.0,100.0,188000000000.0,0.0,4.0,4000000000.0,2500000000.0,,12000000000.0,900000000.0,,131000000000.0,900000000.0,2000000000.0,0.0,4000000000.0,114.0,30.0,60.0,188000000000.0,6000000000.0,1800000000.0
599725.0,11036.0,,,,,1.0,,70.0,4000000000.0,0.0,0.0,0.0,,,1200000000.0,60000000.0,,2800000000.0,60000000.0,150000000.0,0.0,0.0,19.0,0.0,50.0,2800000000.0,150000000.0,0.0
599726.0,11037.0,,,,,1.0,,100.0,10000000000.0,0.0,0.0,0.0,,,2500000000.0,200000000.0,,4000000000.0,100000000.0,0.0,0.0,0.0,32.0,0.0,70.0,10000000000.0,0.0,0.0
599727.0,11046.0,,,,,1.0,,100.0,7000000000.0,0.0,0.0,0.0,,,400000000.0,80000000.0,-9.0,,,0.0,0.0,0.0,5.0,50.0,50.0,7000000000.0,0.0,0.0
599435.0,10007.0,,,,,2.0,,80.0,60000000000.0,0.0,0.0,0.0,-9.0,,-9.0,-9.0,,-9.0,-9.0,0.0,0.0,0.0,23.0,60.0,100.0,48000000000.0,0.0,0.0
599438.0,10015.0,,,,,1.0,,80.0,3500000000.0,0.0,2.0,0.0,,,840000000.0,-9.0,,120000000.0,-9.0,0.0,0.0,0.0,16.0,100.0,60.0,2800000000.0,0.0,0.0
599439.0,10019.0,,,,,1.0,,100.0,25000000000.0,0.0,0.0,0.0,,,300000000.0,24000000.0,16000.0,,,0.0,0.0,0.0,15.0,30.0,30.0,25000000000.0,0.0,0.0
599440.0,10021.0,,,,,2.0,-9.0,100.0,1100000000.0,0.0,5.0,0.0,,,-9.0,50000000.0,,-9.0,-9.0,0.0,0.0,0.0,20.0,50.0,-9.0,1100000000.0,0.0,0.0
599441.0,10022.0,,,,,1.0,,90.0,4500000000.0,0.0,1.0,300000000.0,500000000.0,,950000000.0,45000000.0,,3200000000.0,0.0,600000000.0,0.0,300000000.0,15.0,0.0,40.0,4050000000.0,900000000.0,0.0
599442.0,10030.0,,,,,2.0,,100.0,18500000000.0,0.0,40.0,0.0,,,2300000000.0,50000000.0,-9.0,,,2000000000.0,0.0,0.0,19.0,50.0,0.0,18500000000.0,2000000000.0,1000000000.0
599444.0,10038.0,,,,,2.0,,80.0,60000000000.0,0.0,0.0,0.0,,,6000000000.0,36000000.0,-9.0,,,0.0,0.0,0.0,19.0,65.0,70.0,48000000000.0,0.0,0.0
599446.0,10044.0,,,,,2.0,,80.0,60000000000.0,0.0,0.0,0.0,,,-9.0,-9.0,,-9.0,-9.0,0.0,0.0,0.0,23.0,60.0,100.0,48000000000.0,0.0,0.0
599447.0,10053.0,,,,,1.0,,50.0,5000000000.0,0.0,1.0,0.0,,,500000000.0,600000000.0,,2000000000.0,500000000.0,0.0,0.0,0.0,12.0,50.0,80.0,2500000000.0,0.0,0.0
599450.0,10063.0,,,,,2.0,,100.0,-9.0,0.0,0.0,0.0,,,-9.0,-9.0,-9.0,,,0.0,0.0,0.0,6.0,-9.0,-9.0,-9.0,0.0,-0.0
599451.0,10068.0,,,,,2.0,,80.0,5500000000.0,5.0,0.0,0.0,50000000.0,,1000000000.0,50000000.0,,2000000000.0,-9.0,0.0,1200000000.0,0.0,10.0,70.0,80.0,4400000000.0,1200000000.0,840000000.0
599452.0,10072.0,,,,,1.0,,40.0,8000000000.0,3.0,0.0,0.0,,,800000000.0,5000000.0,,70000000.0,5000000.0,1000000000.0,0.0,0.0,5.0,70.0,70.0,3200000000.0,1000000000.0,700000000.0
599453.0,10073.0,,,,,1.0,,-9.0,1200000000.0,0.0,0.0,0.0,1000000.0,,530000000.0,24000000.0,-9.0,,,0.0,0.0,0.0,6.0,70.0,50.0,-108000000.0,0.0,0.0
599454.0,10077.0,,,,,2.0,,80.0,60000000000.0,0.0,0.0,0.0,,,-9.0,-9.0,,-9.0,-9.0,0.0,0.0,0.0,23.0,60.0,100.0,48000000000.0,0.0,0.0
599455.0,10079.0,,,,,2.0,0.0,60.0,6000000000.0,0.0,6.0,0.0,50000000.0,,500000000.0,18000000.0,-9.0,,,0.0,0.0,0.0,6.0,60.0,20.0,3600000000.0,0.0,0.0
599456.0,10081.0,,,,,1.0,,80.0,3600000000.0,0.0,0.0,0.0,,,600000000.0,50000000.0,,-9.0,30000000.0,1000000000.0,0.0,0.0,13.0,20.0,50.0,2880000000.0,1000000000.0,200000000.0
599458.0,10109.0,,,,,2.0,,70.0,170000000000.0,0.0,0.0,0.0,,,2000000000.0,-9.0,-9.0,,,0.0,0.0,0.0,15.0,80.0,80.0,119000000000.0,0.0,0.0
599459.0,10110.0,,,,,1.0,,70.0,3968000000.0,0.0,0.0,0.0,50000000.0,,3726000000.0,144000000.0,,-9.0,-9.0,0.0,0.0,0.0,50.0,0.0,50.0,2777600000.0,0.0,0.0
599461.0,10112.0,,,,,1.0,,60.0,17000000000.0,0.0,0.0,0.0,,,3700000000.0,2000000000.0,,6000000000.0,2000000000.0,700000000.0,10000000000.0,0.0,260.0,0.0,100.0,10200000000.0,10700000000.0,0.0
599462.0,10115.0,,,,,2.0,-9.0,100.0,2000000000.0,0.0,1.0,0.0,,,500000000.0,-9.0,,-9.0,-9.0,700000000.0,0.0,0.0,12.0,100.0,80.0,2000000000.0,700000000.0,700000000.0
599463.0,10124.0,,,,,1.0,,100.0,3000000000.0,0.0,0.0,0.0,,,490000000.0,200000000.0,,1800000000.0,200000000.0,0.0,0.0,0.0,25.0,0.0,0.0,3000000000.0,0.0,0.0
599465.0,10126.0,,,,,1.0,,100.0,20000000000.0,0.0,0.0,0.0,,,960000000.0,24000000.0,,9600000000.0,-9.0,0.0,8500000000.0,0.0,15.0,0.0,0.0,20000000000.0,8500000000.0,0.0
599466.0,10127.0,,,,,2.0,,50.0,20000000000.0,0.0,15.0,0.0,,,2100000000.0,54000000.0,,801000000.0,-9.0,800000000.0,0.0,0.0,20.0,0.0,0.0,10000000000.0,800000000.0,0.0
599468.0,10129.0,,,,,1.0,,100.0,2000000000.0,0.0,0.0,0.0,60000000.0,,600000000.0,120000000.0,,1000000000.0,60000000.0,0.0,0.0,0.0,16.0,10.0,50.0,2000000000.0,0.0,0.0
599469.0,10131.0,,,,,2.0,,100.0,5000000000.0,0.0,0.0,0.0,,,-9.0,-9.0,,4000000000.0,50000000.0,500000000.0,0.0,0.0,25.0,50.0,50.0,5000000000.0,500000000.0,250000000.0
599470.0,10141.0,,,,,1.0,,80.0,14000000000.0,0.0,1.0,80000000.0,28000000.0,,750000000.0,36000000.0,786000000.0,,,4000000000.0,6000000000.0,80000000.0,20.0,60.0,70.0,11200000000.0,10080000000.0,6048000000.0
599472.0,10144.0,,,,,2.0,,60.0,36000000000.0,0.0,0.0,300000000.0,200000000.0,,2000000000.0,84000000.0,8000.0,,,0.0,0.0,300000000.0,33.0,99.0,-9.0,21600000000.0,300000000.0,297000000.0
599473.0,10151.0,,,,,1.0,,100.0,9000000000.0,0.0,0.0,0.0,,,1200000000.0,-9.0,,-9.0,-9.0,3000000000.0,0.0,0.0,20.0,30.0,10.0,9000000000.0,3000000000.0,900000000.0
599474.0,10152.0,,,,,3.0,,100.0,11000000000.0,0.0,0.0,0.0,,,1000000000.0,100000000.0,-9.0,,,0.0,0.0,0.0,13.0,0.0,70.0,11000000000.0,0.0,0.0
599476.0,10168.0,,,,,1.0,,100.0,1800000000.0,0.0,1.0,0.0,840000000.0,,1200000000.0,130000000.0,,120000000.0,12000000.0,0.0,0.0,0.0,10.0,0.0,100.0,1800000000.0,0.0,0.0
599479.0,10180.0,,,,,1.0,,100.0,2000000000.0,0.0,0.0,0.0,50000000.0,,-9.0,-9.0,-9.0,,,0.0,0.0,0.0,7.0,90.0,20.0,2000000000.0,0.0,0.0
599480.0,10183.0,,,,,2.0,,100.0,1800000000.0,0.0,0.0,0.0,,,500000000.0,300000000.0,-9.0,,,0.0,0.0,0.0,11.0,0.0,100.0,1800000000.0,0.0,0.0
599482.0,10185.0,,,,,1.0,,100.0,50000000.0,0.0,0.0,0.0,,,8000000.0,6000000.0,-9.0,,,0.0,0.0,0.0,4.0,0.0,0.0,50000000.0,0.0,0.0
599484.0,10197.0,,,,,2.0,,100.0,7000000000.0,0.0,0.0,0.0,,,600000000.0,160000000.0,5600000000.0,,,0.0,0.0,0.0,15.0,0.0,30.0,7000000000.0,0.0,0.0
599487.0,10209.0,,,,,1.0,,-9.0,7000000000.0,0.0,2.0,0.0,,,-9.0,-9.0,-9.0,,,0.0,0.0,0.0,5.0,70.0,90.0,-630000000.0,0.0,0.0
599495.0,10234.0,,,,,3.0,,70.0,6000000000.0,0.0,0.0,0.0,50000000.0,,600000000.0,5000000.0,,100000000.0,470000000.0,0.0,0.0,0.0,6.0,80.0,80.0,4200000000.0,0.0,0.0
599500.0,10256.0,,,,,2.0,10000000.0,100.0,20000000000.0,0.0,0.0,0.0,130000000.0,,1500000000.0,360000000.0,,4800000000.0,-9.0,800000000.0,0.0,0.0,21.0,10.0,30.0,20000000000.0,800000000.0,80000000.0
599501.0,10257.0,,,,,2.0,20000000.0,100.0,12000000000.0,0.0,0.0,0.0,48000000.0,,1800000000.0,550000000.0,,1000000000.0,300000000.0,0.0,0.0,0.0,31.0,90.0,90.0,12000000000.0,0.0,0.0
599502.0,10261.0,,,,,2.0,,100.0,7000000000.0,0.0,0.0,0.0,,,5100000000.0,60000000.0,-9.0,,,0.0,0.0,0.0,12.0,50.0,80.0,7000000000.0,0.0,0.0
599503.0,10276.0,,,,,2.0,1000000000.0,90.0,25000000000.0,0.0,0.0,0.0,,,580000000.0,120000000.0,,15000000000.0,120000000.0,0.0,0.0,0.0,30.0,20.0,50.0,22500000000.0,0.0,0.0
599504.0,10278.0,,,,,2.0,,100.0,28810000000.0,0.0,0.0,0.0,,,1190000000.0,560000000.0,,1468000000.0,0.0,500000000.0,0.0,0.0,22.0,100.0,100.0,28810000000.0,500000000.0,500000000.0
599505.0,10284.0,,,,,1.0,,100.0,8346000000.0,0.0,3.0,0.0,,,1723000000.0,9000000.0,,5320000000.0,50000000.0,0.0,0.0,0.0,15.0,70.0,30.0,8346000000.0,0.0,0.0
599506.0,10285.0,,,,,1.0,,100.0,3944000000.0,0.0,0.0,50000000.0,,,1350000000.0,400000000.0,,2045000000.0,0.0,1900000000.0,0.0,50000000.0,10.0,100.0,100.0,3944000000.0,1950000000.0,1950000000.0
599507.0,10288.0,,,,,2.0,,100.0,6750000000.0,0.0,0.0,0.0,480000000.0,,384000000.0,-9.0,,-9.0,2818000000.0,100000000.0,0.0,0.0,19.0,0.0,100.0,6750000000.0,100000000.0,0.0
599508.0,10290.0,,,,,1.0,,100.0,101000000000.0,0.0,0.0,0.0,,,890000000.0,300000000.0,-9.0,,,0.0,0.0,0.0,6.0,50.0,50.0,101000000000.0,0.0,0.0
599511.0,10299.0,,,,,1.0,,100.0,210000000000.0,0.0,5.0,50000000.0,58000000.0,,3000000000.0,120000000.0,150000.0,,,2000000000.0,0.0,50000000.0,80.0,0.0,0.0,210000000000.0,2050000000.0,0.0
599512.0,10300.0,,,,,2.0,,80.0,11000000000.0,0.0,1.0,30000000.0,,,2000000000.0,80000000.0,7500.0,,,600000000.0,0.0,30000000.0,30.0,90.0,90.0,8800000000.0,630000000.0,567000000.0
599513.0,10305.0,,,,,1.0,,30.0,443000000.0,5.0,5.0,0.0,,,179000000.0,4000000.0,322.0,,,50000000.0,0.0,0.0,11.0,100.0,100.0,132900000.0,50000000.0,50000000.0
599514.0,10309.0,,,,,1.0,60000000.0,100.0,4000000000.0,0.0,10.0,0.0,,,355000000.0,7000000.0,2665.0,,,0.0,0.0,0.0,7.0,20.0,40.0,4000000000.0,0.0,0.0
599515.0,10310.0,,,,,1.0,,100.0,95430000000.0,0.0,3.0,-9.0,,,256000000.0,48000000.0,,-9.0,-9.0,500000000.0,1750000000.0,-9.0,12.0,100.0,0.0,95430000000.0,2249999991.0,2249999991.0
599517.0,10318.0,,,,,2.0,,80.0,7000000000.0,0.0,10.0,0.0,20000000.0,50000000.0,1800000000.0,21000000.0,,2400000000.0,42000000.0,150000000.0,0.0,0.0,30.0,100.0,50.0,5600000000.0,150000000.0,150000000.0
599518.0,10319.0,,,,,2.0,,90.0,5320000000.0,0.0,0.0,0.0,,,700000000.0,120000000.0,,4000000000.0,-9.0,0.0,0.0,0.0,16.0,100.0,0.0,4788000000.0,0.0,0.0
599519.0,10320.0,,,,,2.0,,90.0,7810000000.0,0.0,0.0,5000000.0,,,90000000.0,4000000.0,,7596000000.0,0.0,50000000.0,0.0,5000000.0,15.0,70.0,70.0,7029000000.0,55000000.0,38500000.0
599520.0,10323.0,,,,,1.0,,90.0,8000000000.0,0.0,2.0,20000000.0,,,840000000.0,30000000.0,,8000000000.0,20000000.0,400000000.0,0.0,20000000.0,11.0,100.0,100.0,7200000000.0,420000000.0,420000000.0
599521.0,10324.0,,,,,1.0,,85.0,24150000000.0,0.0,2.0,250000000.0,120000000.0,,1900000000.0,85000000.0,,17560000000.0,180000000.0,1500000000.0,0.0,250000000.0,30.0,50.0,70.0,20527500000.0,1750000000.0,875000000.0
599522.0,10325.0,,,,,2.0,,100.0,3800000000.0,0.0,0.0,0.0,,,1700000000.0,40000000.0,,1500000000.0,-9.0,0.0,0.0,0.0,25.0,10.0,50.0,3800000000.0,0.0,0.0
599526.0,10357.0,,,,,1.0,,100.0,9000000000.0,0.0,0.0,0.0,100000000.0,,1000000000.0,180000000.0,,5000000000.0,250000000.0,0.0,0.0,0.0,10.0,50.0,0.0,9000000000.0,0.0,0.0
599527.0,10358.0,,,,,2.0,,85.0,72000000000.0,0.0,0.0,120000000.0,50000000.0,,-9.0,-9.0,-9.0,,,0.0,0.0,120000000.0,36.0,100.0,60.0,61200000000.0,120000000.0,120000000.0
599531.0,10380.0,,,,,2.0,,50.0,18000000000.0,0.0,1.0,0.0,,,660000000.0,9000000.0,-9.0,,,0.0,0.0,0.0,19.0,0.0,10.0,9000000000.0,0.0,0.0
599532.0,10392.0,,,,,1.0,,100.0,250000000000.0,0.0,0.0,0.0,3600000000.0,,12000000000.0,480000000.0,,150000000.0,-9.0,0.0,0.0,0.0,135.0,0.0,0.0,250000000000.0,0.0,0.0
599533.0,10406.0,,,,,2.0,,70.0,3000000000.0,2.0,0.0,0.0,,,800000000.0,60000000.0,,900000000.0,-9.0,0.0,0.0,0.0,20.0,20.0,10.0,2100000000.0,0.0,0.0
599534.0,10407.0,,,,,1.0,,99.0,9000000000.0,0.0,0.0,0.0,132000000.0,,3600000000.0,420000000.0,,3200000000.0,100000000.0,3200000000.0,1000000000.0,0.0,17.0,70.0,100.0,8910000000.0,4200000000.0,2940000000.0
599535.0,10408.0,,,,,1.0,60000000.0,99.0,45000000000.0,0.0,0.0,0.0,1800000000.0,,10000000000.0,2000000000.0,,20000000000.0,7000000000.0,0.0,0.0,0.0,130.0,100.0,100.0,44550000000.0,0.0,0.0
599536.0,10415.0,,,,,2.0,,6.0,14000000000.0,2.0,3.0,10000000.0,,,1000000000.0,30000000.0,10000000000.0,,,1200000000.0,10000000000.0,10000000.0,18.0,7.0,15.0,840000000.0,11210000000.0,784700000.0000001
599537.0,10417.0,,,,,1.0,,100.0,352900000000.0,0.0,0.0,0.0,,,200000000000.0,500000000.0,,280000000000.0,100000000.0,0.0,0.0,0.0,2000.0,40.0,50.0,352900000000.0,0.0,0.0
599540.0,10422.0,,,,,1.0,,80.0,100000000000.0,0.0,0.0,0.0,,,200000000.0,50000000.0,-9.0,,,0.0,0.0,0.0,10.0,0.0,0.0,80000000000.0,0.0,0.0
599546.0,10432.0,,,,,2.0,,100.0,50000000000.0,0.0,0.0,0.0,,,100000000.0,20000000.0,-9.0,,,0.0,0.0,0.0,21.0,50.0,50.0,50000000000.0,0.0,0.0
599550.0,10445.0,,,,,3.0,,70.0,10000000000.0,0.0,0.0,0.0,,20000000.0,2000000000.0,-9.0,-9.0,,,800000000.0,0.0,0.0,20.0,70.0,60.0,7000000000.0,800000000.0,560000000.0
599551.0,10449.0,,,,,1.0,,70.0,45620000000.0,0.0,0.0,0.0,,,100000000.0,50000000.0,39900000000.0,,,0.0,0.0,0.0,10.0,50.0,50.0,31934000000.0,0.0,0.0
599553.0,10454.0,,,,,2.0,,80.0,80000000000.0,0.0,0.0,0.0,,,70000000.0,50000000.0,-9.0,,,0.0,0.0,0.0,20.0,50.0,50.0,64000000000.0,0.0,0.0
599554.0,10456.0,,,,,1.0,,100.0,500200000000.0,0.0,0.0,30000000.0,,,300000000.0,200000000.0,495000000000.0,,,0.0,0.0,30000000.0,30.0,50.0,50.0,500200000000.0,30000000.0,15000000.0
599555.0,10468.0,,,,,1.0,,100.0,44770000000.0,0.0,10.0,0.0,,,4850000000.0,470000000.0,,28550000000.0,880000000.0,0.0,0.0,0.0,15.0,50.0,50.0,44770000000.0,0.0,0.0
599559.0,10481.0,,,,,1.0,,100.0,70000000000.0,0.0,0.0,0.0,,,600000000.0,30000000000.0,-9.0,,,0.0,0.0,0.0,14.0,0.0,0.0,70000000000.0,0.0,0.0
599562.0,10493.0,,,,,1.0,,70.0,80000000000.0,0.0,1.0,0.0,,,1000000000.0,200000000.0,,60000000000.0,200000000.0,0.0,0.0,0.0,18.0,50.0,50.0,56000000000.0,0.0,0.0
599564.0,10497.0,,,,,1.0,,70.0,70000000000.0,0.0,0.0,0.0,1200000000.0,,4500000000.0,144000000.0,-9.0,,,0.0,0.0,0.0,35.0,70.0,30.0,49000000000.0,0.0,0.0
599567.0,10505.0,,,,,2.0,,100.0,15000000000.0,0.0,0.0,0.0,,,600000000.0,30000000.0,-9.0,,,0.0,0.0,0.0,12.0,50.0,50.0,15000000000.0,0.0,0.0
599568.0,10515.0,,,,,2.0,,100.0,104400000000.0,0.0,0.0,0.0,,,800000000.0,100000000.0,,80000000000.0,100000000.0,0.0,0.0,0.0,30.0,70.0,70.0,104400000000.0,0.0,0.0
599570.0,10530.0,,,,,1.0,,100.0,70000000000.0,0.0,0.0,0.0,,,280000000.0,300000000.0,60000000000.0,,,0.0,0.0,0.0,5.0,50.0,50.0,70000000000.0,0.0,0.0
599571.0,10540.0,,,,,1.0,,60.0,52000000000.0,0.0,0.0,0.0,,,1100000000.0,300000000.0,,30000000000.0,400000000.0,0.0,0.0,0.0,15.0,50.0,50.0,31200000000.0,0.0,0.0
599572.0,10544.0,,,,,1.0,,50.0,500000000.0,0.0,0.0,0.0,,,-9.0,-9.0,,-9.0,-9.0,0.0,0.0,0.0,10.0,0.0,50.0,250000000.0,0.0,0.0
599573.0,10545.0,,,,,1.0,,100.0,3600000000.0,0.0,0.0,0.0,,,576000000.0,84000000.0,,1080000000.0,60000000.0,100000000.0,0.0,0.0,11.0,30.0,70.0,3600000000.0,100000000.0,30000000.0
599574.0,10547.0,,,,,1.0,,95.0,22000000000.0,0.0,0.0,0.0,,,1100000000.0,20000000.0,,2000000000.0,900000000.0,0.0,0.0,0.0,5.0,0.0,0.0,20900000000.0,0.0,0.0
599575.0,10552.0,,,,,2.0,,100.0,113000000000.0,0.0,0.0,0.0,,,730000000.0,60000000.0,-9.0,,,0.0,0.0,0.0,8.0,50.0,50.0,113000000000.0,0.0,0.0
599576.0,10556.0,,,,,3.0,,100.0,33000000000.0,0.0,0.0,0.0,,,1200000000.0,600000000.0,,18000000000.0,500000000.0,0.0,0.0,0.0,30.0,50.0,50.0,33000000000.0,0.0,0.0
599579.0,10570.0,,,,,1.0,,100.0,30000000000.0,0.0,0.0,0.0,,,200000000.0,300000000.0,27000000000.0,,,0.0,0.0,0.0,5.0,50.0,0.0,30000000000.0,0.0,0.0
599580.0,10571.0,,,,,1.0,,80.0,160000000000.0,0.0,0.0,0.0,,,3000000000.0,300000000.0,,120000000000.0,200000000.0,0.0,0.0,0.0,7.0,60.0,60.0,128000000000.0,0.0,0.0
599582.0,10575.0,,,,,2.0,,100.0,2000000000.0,0.0,3.0,0.0,,,1152000000.0,80000000.0,,450000000.0,50000000.0,0.0,0.0,0.0,20.0,0.0,50.0,2000000000.0,0.0,0.0
599583.0,10580.0,,,,,2.0,,100.0,300000000.0,0.0,3.0,0.0,,,150000000.0,24000000.0,,90000000.0,15000000.0,500000000.0,0.0,0.0,2.0,100.0,100.0,300000000.0,500000000.0,500000000.0
599584.0,10583.0,,,,,2.0,,100.0,80000000000.0,0.0,1.0,0.0,,,700000000.0,400000000.0,,50000000000.0,300000000.0,0.0,0.0,0.0,7.0,0.0,0.0,80000000000.0,0.0,0.0
599585.0,10585.0,,,,,2.0,,70.0,7000000000.0,0.0,0.0,200000000.0,1000000000.0,,600000000.0,120000000.0,,2000000000.0,-9.0,400000000.0,0.0,200000000.0,5.0,0.0,50.0,4900000000.0,600000000.0,0.0
599586.0,10586.0,,,,,1.0,,100.0,111000000000.0,0.0,0.0,0.0,,,900000000.0,300000000.0,,100000000000.0,300000000.0,0.0,0.0,0.0,10.0,30.0,30.0,111000000000.0,0.0,0.0
599587.0,10588.0,,,,,1.0,,100.0,50000000000.0,0.0,0.0,0.0,,,300000000.0,200000000.0,-9.0,,,0.0,0.0,0.0,5.0,50.0,50.0,50000000000.0,0.0,0.0
599588.0,10596.0,,,,,3.0,,80.0,12000000000.0,0.0,10.0,0.0,,,4000000000.0,180000000.0,,5000000000.0,1820000000.0,0.0,0.0,0.0,30.0,30.0,50.0,9600000000.0,0.0,0.0
599589.0,10604.0,,,,,2.0,,70.0,16000000000.0,0.0,0.0,0.0,,,960000000.0,24000000.0,-9.0,,,700000000.0,0.0,0.0,20.0,50.0,30.0,11200000000.0,700000000.0,350000000.0
599590.0,10609.0,,,,,1.0,,100.0,31000000000.0,0.0,5.0,0.0,,,900000000.0,70000000.0,-9.0,,,0.0,0.0,0.0,8.0,0.0,0.0,31000000000.0,0.0,0.0
599591.0,10610.0,,,,,2.0,,100.0,90000000000.0,0.0,0.0,0.0,,,1800000000.0,100000000.0,30000000000.0,,,0.0,0.0,0.0,19.0,30.0,70.0,90000000000.0,0.0,0.0
599592.0,10611.0,,,,,1.0,,100.0,10000000000.0,0.0,0.0,-9.0,72000000.0,,420000000.0,36000000.0,460000000.0,,,1100000000.0,0.0,-9.0,12.0,50.0,50.0,10000000000.0,1099999991.0,549999995.5
599593.0,10616.0,,,,,3.0,,80.0,10000000000.0,0.0,0.0,0.0,650000000.0,,600000000.0,60000000.0,,8000000000.0,18000000.0,50000000.0,0.0,0.0,10.0,0.0,0.0,8000000000.0,50000000.0,0.0
599594.0,10627.0,,,,,1.0,,100.0,1500000000.0,0.0,0.0,0.0,48000000.0,,240000000.0,36000000.0,-9.0,,,400000000.0,0.0,0.0,10.0,50.0,10.0,1500000000.0,400000000.0,200000000.0
599596.0,10636.0,,,,,1.0,,60.0,800000000.0,0.0,5.0,0.0,5000000.0,,200000000.0,30000000.0,,400000000.0,50000000.0,0.0,0.0,0.0,25.0,0.0,60.0,480000000.0,0.0,0.0
599598.0,10638.0,,,,,1.0,,100.0,80000000000.0,1.0,1.0,20000000.0,,,1800000000.0,10000000.0,25000.0,,,0.0,0.0,20000000.0,8.0,30.0,40.0,80000000000.0,20000000.0,6000000.0
599599.0,10642.0,,,,,2.0,,90.0,31000000000.0,0.0,0.0,0.0,100000000.0,50000000.0,2592000000.0,60000000.0,-9.0,,,0.0,0.0,0.0,20.0,0.0,30.0,27900000000.0,0.0,0.0
599600.0,10643.0,,,,,1.0,,-9.0,2000000000.0,0.0,2.0,0.0,5000000.0,,1000000000.0,30000000.0,-9.0,,,0.0,2000000000.0,0.0,20.0,70.0,30.0,-180000000.0,2000000000.0,1400000000.0
599601.0,10644.0,,,,,2.0,,100.0,3000000000.0,0.0,0.0,0.0,420000000.0,,800000000.0,36000000.0,836000000.0,,,0.0,0.0,0.0,15.0,0.0,0.0,3000000000.0,0.0,0.0
599602.0,10661.0,,,,,1.0,,70.0,3000000000.0,0.0,0.0,0.0,,,1000000000.0,8000000.0,-9.0,,,0.0,0.0,0.0,19.0,0.0,40.0,2100000000.0,0.0,0.0
599604.0,10669.0,,,,,1.0,,70.0,50000000000.0,0.0,0.0,0.0,,,830000000.0,200000000.0,,30424000000.0,1800000000.0,0.0,0.0,0.0,25.0,100.0,60.0,35000000000.0,0.0,0.0
599607.0,10678.0,,,,,2.0,,80.0,25000000000.0,0.0,0.0,0.0,25000000.0,,720000000.0,38000000.0,20000000000.0,,,700000000.0,-9.0,0.0,15.0,100.0,80.0,20000000000.0,699999991.0,699999991.0
599608.0,10679.0,,,,,2.0,,50.0,23000000000.0,1.0,1.0,0.0,,,960000000.0,30000000.0,896000000.0,,,250000000.0,0.0,0.0,28.0,0.0,100.0,11500000000.0,250000000.0,0.0
599609.0,10681.0,,,,,1.0,,99.0,80000000000.0,0.0,3.0,0.0,480000000.0,,1200000000.0,30000000.0,-9.0,,,585000000.0,0.0,0.0,24.0,60.0,60.0,79200000000.0,585000000.0,351000000.0
599611.0,10689.0,,,,,1.0,,50.0,1000000000.0,-9.0,0.0,0.0,,,200000000.0,13000000.0,,600000000.0,40000000.0,600000000.0,0.0,0.0,2.0,0.0,30.0,500000000.0,600000000.0,0.0
598835.0,7.0,,,,,1.0,,70.0,9000000000.0,0.0,0.0,0.0,30000000.0,,5500000000.0,250000000.0,,2000000000.0,200000000.0,200000000.0,-9.0,0.0,110.0,90.0,90.0,6300000000.0,199999991.0,179999991.9
598836.0,14.0,,,,,1.0,,100.0,4200000000.0,0.0,0.0,0.0,600000000.0,,650000000.0,60000000.0,,3600000000.0,300000000.0,0.0,0.0,0.0,70.0,0.0,100.0,4200000000.0,0.0,0.0
598837.0,17.0,,,,,1.0,,100.0,140000000000.0,0.0,0.0,0.0,500000000.0,,25000000000.0,3500000000.0,,75000000000.0,-9.0,6000000000.0,0.0,0.0,320.0,50.0,30.0,140000000000.0,6000000000.0,3000000000.0
598838.0,45.0,,,,,1.0,,100.0,150000000.0,0.0,0.0,0.0,,,-9.0,-9.0,,-9.0,-9.0,50000000.0,-9.0,0.0,12.0,0.0,5.0,150000000.0,49999991.0,0.0
598839.0,48.0,,,,,1.0,,100.0,50000000000.0,0.0,0.0,0.0,,,-9.0,200000000.0,,-9.0,500000000.0,0.0,0.0,0.0,15.0,100.0,100.0,50000000000.0,0.0,0.0
598840.0,50.0,,,,,1.0,,100.0,14150000000.0,0.0,10.0,0.0,,,600000000.0,80000000.0,,12000000000.0,700000000.0,0.0,0.0,0.0,8.0,0.0,100.0,14150000000.0,0.0,0.0
598841.0,51.0,,,,,1.0,,100.0,9700000000.0,-7.0,0.0,0.0,,,1500000000.0,10000000.0,,2500000000.0,-9.0,0.0,0.0,0.0,33.0,50.0,50.0,9700000000.0,0.0,0.0
598842.0,56.0,,,,,1.0,,70.0,14500000000.0,-7.0,0.0,0.0,,,840000000.0,34000000.0,,10000000000.0,-9.0,0.0,0.0,0.0,60.0,100.0,100.0,10150000000.0,0.0,0.0
598843.0,58.0,,,,,1.0,,70.0,6000000000.0,1.0,2.0,0.0,,,5000000000.0,100000000.0,,100000000.0,100000000.0,200000000.0,0.0,0.0,20.0,0.0,100.0,4200000000.0,200000000.0,0.0
598844.0,63.0,,,,,1.0,,60.0,22000000000.0,0.0,0.0,0.0,,,14400000000.0,200000000.0,,5000000000.0,100000000.0,0.0,0.0,0.0,200.0,30.0,50.0,13200000000.0,0.0,0.0
598845.0,75.0,,,,,1.0,,90.0,1000000000.0,0.0,0.0,0.0,72000000.0,,216000000.0,150000000.0,,400000000.0,5000000.0,0.0,0.0,0.0,9.0,100.0,100.0,900000000.0,0.0,0.0
598846.0,76.0,,,,,1.0,,50.0,4000000000.0,0.0,10.0,0.0,420000000.0,,350000000.0,24000000.0,,150000000.0,50000000.0,0.0,0.0,0.0,6.0,0.0,100.0,2000000000.0,0.0,0.0
598847.0,78.0,,,,,1.0,,100.0,2400000000.0,0.0,0.0,0.0,,,100000000.0,15000000.0,,1500000000.0,3000000.0,60000000.0,15000000.0,0.0,17.0,0.0,0.0,2400000000.0,75000000.0,0.0
598848.0,80.0,,,,,1.0,,75.0,3000000000.0,0.0,1.0,0.0,,,300000000.0,30000000.0,,1500000000.0,40000000.0,100000000.0,0.0,0.0,6.0,30.0,20.0,2250000000.0,100000000.0,30000000.0
598849.0,88.0,,,,,1.0,,100.0,152000000000.0,0.0,0.0,-9.0,,,-9.0,-9.0,,-9.0,-9.0,500000000.0,4000000000.0,-9.0,46.0,50.0,-9.0,152000000000.0,4499999991.0,2249999995.5
598850.0,94.0,,,,,1.0,,100.0,1000000000.0,0.0,0.0,0.0,,,624000000.0,20000000.0,,50000000.0,20000000.0,0.0,0.0,0.0,13.0,0.0,0.0,1000000000.0,0.0,0.0
598851.0,106.0,,,,,1.0,,80.0,101500000000.0,0.0,0.0,0.0,,,100000000.0,200000000.0,95000000000.0,,,0.0,0.0,0.0,9.0,50.0,50.0,81200000000.0,0.0,0.0
598852.0,107.0,,,,,1.0,,100.0,1000000000.0,0.0,1.0,0.0,,,336000000.0,20000000.0,,200000000.0,10000000.0,0.0,0.0,0.0,7.0,30.0,30.0,1000000000.0,0.0,0.0
598853.0,108.0,,,,,1.0,,60.0,12000000000.0,0.0,0.0,0.0,50000000.0,,300000000.0,60000000.0,,-9.0,200000000.0,1000000000.0,0.0,0.0,31.0,100.0,100.0,7200000000.0,1000000000.0,1000000000.0
598854.0,109.0,,,,,1.0,,100.0,6000000000.0,0.0,1.0,0.0,,,500000000.0,20000000.0,,4000000000.0,50000000.0,400000000.0,400000000.0,0.0,11.0,30.0,100.0,6000000000.0,800000000.0,240000000.0
598855.0,117.0,,,,,1.0,,100.0,4000000000.0,0.0,5.0,0.0,,,800000000.0,100000000.0,,500000000.0,10000000.0,0.0,0.0,0.0,8.0,20.0,40.0,4000000000.0,0.0,0.0
598856.0,122.0,,,,,1.0,,95.0,1400000000.0,0.0,0.0,0.0,,,450000000.0,35000000.0,,-9.0,-9.0,0.0,0.0,0.0,10.0,0.0,80.0,1330000000.0,0.0,0.0
598857.0,141.0,,,,,1.0,,100.0,5000000000.0,0.0,0.0,0.0,,,1500000000.0,100000000.0,,2000000000.0,30000000.0,400000000.0,0.0,0.0,24.0,0.0,50.0,5000000000.0,400000000.0,0.0
598858.0,143.0,,,,,1.0,,100.0,3000000000.0,0.0,0.0,0.0,40000000.0,,1500000000.0,24000000.0,,600000000.0,360000000.0,0.0,0.0,0.0,20.0,20.0,40.0,3000000000.0,0.0,0.0
598859.0,167.0,,,,,1.0,,30.0,3000000000.0,0.0,0.0,0.0,,,1500000000.0,1000000000.0,,500000000.0,200000000.0,0.0,0.0,0.0,60.0,3.0,50.0,900000000.0,0.0,0.0
598860.0,173.0,,,,,1.0,90000000.0,100.0,1100000000.0,0.0,2.0,0.0,-9.0,,500000000.0,100000000.0,,200000000.0,50000000.0,0.0,0.0,0.0,23.0,70.0,60.0,1100000000.0,0.0,0.0
598861.0,182.0,,,,,1.0,,100.0,23000000000.0,0.0,0.0,0.0,,,600000000.0,30000000.0,,20000000000.0,600000000.0,0.0,0.0,0.0,5.0,30.0,50.0,23000000000.0,0.0,0.0
598862.0,185.0,,,,,1.0,,100.0,77550000000.0,1.0,1.0,0.0,,,1544000000.0,963000000.0,,48770000000.0,1100000000.0,0.0,0.0,0.0,18.0,50.0,50.0,77550000000.0,0.0,0.0
598863.0,187.0,,,,,1.0,,100.0,10400000000.0,1.0,0.0,0.0,,,-9.0,24000000.0,,-9.0,10000000.0,70000000.0,0.0,0.0,8.0,50.0,60.0,10400000000.0,70000000.0,35000000.0
598864.0,194.0,,,,,1.0,,50.0,9000000000.0,0.0,0.0,0.0,1000000.0,,1000000000.0,12000000.0,,3700000000.0,-9.0,0.0,0.0,0.0,15.0,30.0,50.0,4500000000.0,0.0,0.0
598865.0,207.0,,,,,1.0,,100.0,4300000000.0,0.0,0.0,0.0,10000000.0,,533000000.0,360000000.0,,3400000000.0,-9.0,800000000.0,-9.0,0.0,11.0,50.0,50.0,4300000000.0,799999991.0,399999995.5
598866.0,211.0,,,,,1.0,,95.0,5000000000.0,0.0,0.0,0.0,,,-9.0,-9.0,,-9.0,-9.0,0.0,0.0,0.0,15.0,-9.0,-9.0,4750000000.0,0.0,-0.0
598867.0,214.0,,,,,1.0,,70.0,23000000000.0,0.0,0.0,0.0,1520000000.0,,1400000000.0,100000000.0,,7500000000.0,-9.0,4000000.0,0.0,0.0,27.0,30.0,100.0,16100000000.0,4000000.0,1200000.0
598868.0,215.0,,,,,1.0,,100.0,1000000000.0,0.0,0.0,0.0,,,200000000.0,10000000.0,,500000000.0,15000000.0,0.0,0.0,0.0,5.0,0.0,50.0,1000000000.0,0.0,0.0
598869.0,217.0,,,,,1.0,,80.0,8000000000.0,-7.0,0.0,400000000.0,110000000.0,,140000000.0,96000000.0,,-9.0,-9.0,1500000000.0,-9.0,400000000.0,20.0,50.0,30.0,6400000000.0,1899999991.0,949999995.5
598870.0,218.0,,,,,1.0,,80.0,6000000000.0,0.0,0.0,0.0,,,-9.0,-9.0,,-9.0,-9.0,100000000.0,-9.0,0.0,17.0,50.0,30.0,4800000000.0,99999991.0,49999995.5
598871.0,234.0,,,,,1.0,,90.0,4600000000.0,0.0,0.0,0.0,,,900000000.0,60000000.0,,3000000000.0,100000000.0,400000000.0,0.0,0.0,22.0,80.0,50.0,4140000000.0,400000000.0,320000000.0
598872.0,235.0,,,,,1.0,,80.0,5000000000.0,0.0,1.0,0.0,,,350000000.0,40000000.0,,1200000000.0,30000000.0,0.0,0.0,0.0,12.0,0.0,100.0,4000000000.0,0.0,0.0
598874.0,245.0,,,,,1.0,,100.0,15000000000.0,0.0,0.0,0.0,,,1000000000.0,100000000.0,,-9.0,14000000.0,0.0,0.0,0.0,14.0,0.0,30.0,15000000000.0,0.0,0.0
598875.0,247.0,,,,,1.0,,100.0,2500000000.0,0.0,0.0,-9.0,,,-9.0,100000000.0,,-9.0,-9.0,300000000.0,-9.0,-9.0,12.0,50.0,50.0,2500000000.0,299999982.0,149999991.0
598876.0,251.0,,,,,1.0,,100.0,15000000000.0,0.0,5.0,0.0,,,288000000.0,15000000.0,,12000000000.0,120000000.0,0.0,0.0,0.0,10.0,30.0,100.0,15000000000.0,0.0,0.0
598877.0,254.0,,,,,1.0,,100.0,82830000000.0,0.0,0.0,0.0,,,90000000.0,50000000.0,,50000000000.0,50000000.0,0.0,0.0,0.0,8.0,30.0,70.0,82830000000.0,0.0,0.0
598878.0,261.0,,,,,1.0,,60.0,5129000000.0,0.0,0.0,0.0,,,560000000.0,30000000.0,500000000.0,,,1000000000.0,0.0,0.0,8.0,0.0,30.0,3077400000.0,1000000000.0,0.0
598879.0,263.0,,,,,1.0,,100.0,1500000000.0,0.0,0.0,0.0,15000000.0,,150000000.0,3000000.0,,-9.0,-9.0,0.0,0.0,0.0,7.0,80.0,90.0,1500000000.0,0.0,0.0
598880.0,274.0,,,,,1.0,,100.0,500000000.0,0.0,0.0,0.0,,,300000000.0,5000000.0,-9.0,,,22000000.0,0.0,0.0,5.0,0.0,50.0,500000000.0,22000000.0,0.0
598881.0,278.0,,,,,1.0,,100.0,150000000000.0,0.0,2.0,0.0,,,700000000.0,400000000.0,-9.0,,,0.0,0.0,0.0,15.0,50.0,50.0,150000000000.0,0.0,0.0
598882.0,280.0,,,,,1.0,,100.0,180000000000.0,0.0,0.0,0.0,,,350000000.0,80000000.0,-9.0,,,0.0,0.0,0.0,6.0,50.0,0.0,180000000000.0,0.0,0.0
598883.0,282.0,,,,,1.0,,100.0,38600000000.0,5.0,0.0,0.0,,,50000000.0,15000000.0,35000000000.0,,,0.0,0.0,0.0,6.0,50.0,30.0,38600000000.0,0.0,0.0
598884.0,284.0,,,,,1.0,,100.0,30000000000.0,1.0,1.0,0.0,,,25000000000.0,70000000.0,-9.0,,,0.0,0.0,0.0,12.0,50.0,50.0,30000000000.0,0.0,0.0
598885.0,285.0,,,,,1.0,,100.0,270000000000.0,0.0,0.0,0.0,,,800000000.0,600000000.0,,200000000000.0,200000000.0,0.0,0.0,0.0,15.0,50.0,50.0,270000000000.0,0.0,0.0
598886.0,286.0,,,,,1.0,,100.0,1000000000.0,0.0,0.0,0.0,,,756000000.0,-9.0,-9.0,,,10000000.0,0.0,0.0,9.0,60.0,30.0,1000000000.0,10000000.0,6000000.0
598887.0,290.0,,,,,1.0,,90.0,12100000000.0,0.0,0.0,100000000.0,80000000.0,,-9.0,40000000.0,,6210000000.0,30000000.0,100000000.0,-9.0,100000000.0,13.0,10.0,10.0,10890000000.0,199999991.0,19999999.1
598888.0,291.0,,,,,1.0,,90.0,40000000000.0,0.0,0.0,0.0,,,300000000.0,40000000.0,-9.0,,,0.0,0.0,0.0,19.0,0.0,40.0,36000000000.0,0.0,0.0
598889.0,298.0,,,,,1.0,,100.0,300000000000.0,0.0,0.0,0.0,,,-9.0,-9.0,-9.0,,,0.0,0.0,0.0,12.0,70.0,50.0,300000000000.0,0.0,0.0
598890.0,300.0,,,,,1.0,,70.0,3800000000.0,0.0,0.0,0.0,,,600000000.0,6000000.0,-9.0,,,-9.0,0.0,0.0,5.0,0.0,50.0,2660000000.0,-9.0,-0.0
598891.0,307.0,,,,,1.0,,70.0,5000000000.0,2.0,3.0,70000000.0,,,1500000000.0,25000000.0,,-9.0,-9.0,100000000.0,-9.0,70000000.0,11.0,10.0,90.0,3500000000.0,169999991.0,16999999.1
598892.0,308.0,,,,,1.0,,100.0,68000000000.0,0.0,0.0,0.0,,,800000000.0,200000000.0,52000000000.0,,,0.0,0.0,0.0,5.0,50.0,0.0,68000000000.0,0.0,0.0
598893.0,311.0,,,,,1.0,,65.0,18000000000.0,1.0,1.0,0.0,70000000.0,,2000000000.0,70000000.0,2200000000.0,,,60000000000.0,-9.0,0.0,7.0,60.0,17.0,11700000000.0,59999999991.0,35999999994.6
598894.0,315.0,,,,,1.0,,95.0,5000000000.0,0.0,0.0,0.0,,,2000000000.0,200000000.0,358000000000.0,,,0.0,0.0,0.0,7.0,50.0,50.0,4750000000.0,0.0,0.0
598895.0,317.0,,,,,1.0,,90.0,31000000000.0,0.0,0.0,0.0,2000000.0,,-9.0,-9.0,-9.0,,,200000000.0,10000000000.0,0.0,21.0,5.0,50.0,27900000000.0,10200000000.0,510000000.0
598896.0,344.0,,,,,1.0,,35.0,3000000000.0,0.0,0.0,200000000.0,,1600000000.0,-9.0,300000000.0,-9.0,,,0.0,2500000000.0,200000000.0,10.0,10.0,0.0,1050000000.0,2700000000.0,270000000.0
598897.0,354.0,,,,,1.0,,100.0,5000000000.0,0.0,0.0,0.0,,,150000000.0,-9.0,4500000000.0,,,0.0,0.0,0.0,5.0,0.0,0.0,5000000000.0,0.0,0.0
598898.0,358.0,,,,,1.0,,70.0,9000000000.0,0.0,1.0,0.0,3600000000.0,,2800000000.0,120000000.0,6850000000.0,,,1000000000.0,0.0,0.0,29.0,10.0,100.0,6300000000.0,1000000000.0,100000000.0
598899.0,364.0,,,,,1.0,,80.0,1500000000.0,0.0,0.0,0.0,84000000.0,,55000000.0,32000000.0,-9.0,,,4000000.0,0.0,0.0,5.0,60.0,0.0,1200000000.0,4000000.0,2400000.0
598900.0,368.0,,,,,1.0,,100.0,130000000000.0,0.0,0.0,700000000.0,216000000.0,,2040000000.0,320000000.0,-9.0,,,7000000000.0,0.0,700000000.0,30.0,0.0,100.0,130000000000.0,7700000000.0,0.0
598901.0,376.0,,,,,1.0,,100.0,5000000000.0,0.0,0.0,0.0,,,100000000.0,-9.0,,-9.0,-9.0,0.0,0.0,0.0,5.0,0.0,0.0,5000000000.0,0.0,0.0
598902.0,380.0,,,,,1.0,,100.0,28000000000.0,0.0,0.0,0.0,,,630000000.0,360000000.0,,23800000000.0,25000000.0,1000000000.0,0.0,0.0,12.0,0.0,0.0,28000000000.0,1000000000.0,0.0
598903.0,381.0,,,,,1.0,,100.0,1400000000.0,0.0,0.0,0.0,,,900000000.0,110000000.0,,420000000.0,15000000.0,300000000.0,0.0,0.0,12.0,20.0,10.0,1400000000.0,300000000.0,60000000.0
598904.0,391.0,,,,,1.0,,100.0,30000000000.0,0.0,0.0,-9.0,,,-9.0,-9.0,500000000.0,,,40000000.0,0.0,-9.0,20.0,50.0,-9.0,30000000000.0,39999991.0,19999995.5
598905.0,393.0,,,,,1.0,,30.0,3000000000.0,0.0,0.0,-9.0,36000000.0,,600000000.0,36000000.0,,700000000.0,-9.0,0.0,0.0,-9.0,15.0,0.0,100.0,900000000.0,-9.0,-0.0
598906.0,395.0,,,,,1.0,,100.0,1300000000.0,5.0,5.0,0.0,10000000.0,,400000000.0,10000000.0,,800000000.0,-9.0,0.0,0.0,0.0,13.0,100.0,50.0,1300000000.0,0.0,0.0
598907.0,399.0,,,,,1.0,,80.0,821000000.0,-9.0,0.0,100000000.0,10000000.0,,330000000.0,250000000.0,,300000000.0,90000000.0,200000000.0,0.0,100000000.0,6.0,0.0,20.0,656800000.0,300000000.0,0.0
598908.0,403.0,,,,,1.0,,100.0,240000000.0,0.0,0.0,0.0,,,48000000.0,70000000.0,,30000000.0,1000000.0,0.0,0.0,0.0,5.0,0.0,0.0,240000000.0,0.0,0.0
598909.0,406.0,,,,,1.0,,70.0,800000000.0,0.0,0.0,0.0,,,400000000.0,50000000.0,,120000000.0,24000000.0,0.0,0.0,0.0,15.0,50.0,100.0,560000000.0,0.0,0.0
598910.0,414.0,,,,,1.0,-9.0,90.0,8000000000.0,0.0,0.0,16000000.0,,,-9.0,-9.0,,-9.0,-9.0,0.0,0.0,16000000.0,20.0,60.0,90.0,7200000000.0,16000000.0,9600000.0
598911.0,420.0,,,,,1.0,,70.0,6000000000.0,1.0,1.0,70000000.0,50000000.0,,1200000000.0,600000000.0,,2500000000.0,100000000.0,0.0,0.0,70000000.0,20.0,60.0,20.0,4200000000.0,70000000.0,42000000.0
598912.0,432.0,,,,,1.0,,100.0,1000000000.0,0.0,0.0,0.0,,,-9.0,-9.0,,-9.0,-9.0,0.0,0.0,0.0,15.0,0.0,100.0,1000000000.0,0.0,0.0
598913.0,433.0,,,,,1.0,,100.0,4800000000.0,0.0,0.0,0.0,,,1900000000.0,36000000.0,,1000000000.0,-9.0,48000000.0,0.0,0.0,30.0,30.0,50.0,4800000000.0,48000000.0,14400000.0
598914.0,434.0,,,,,1.0,,100.0,2100000000.0,0.0,0.0,0.0,,,1100000000.0,500000000.0,,1100000000.0,-9.0,0.0,0.0,0.0,19.0,100.0,0.0,2100000000.0,0.0,0.0
598915.0,444.0,,,,,1.0,,55.0,4000000000.0,0.0,0.0,0.0,,,550000000.0,30000000.0,,2700000000.0,-9.0,0.0,0.0,0.0,10.0,30.0,100.0,2200000000.0,0.0,0.0
598916.0,450.0,,,,,1.0,,70.0,4500000000.0,0.0,0.0,-9.0,,,100000000.0,100000000.0,,1000000000.0,30000000.0,600000000.0,0.0,-9.0,15.0,0.0,50.0,3150000000.0,599999991.0,0.0
598917.0,453.0,,,,,1.0,,100.0,2000000000.0,0.0,2.0,0.0,,,1800000000.0,10000000.0,,-9.0,-9.0,300000000.0,-9.0,0.0,43.0,0.0,100.0,2000000000.0,299999991.0,0.0
598918.0,460.0,,,,,1.0,,100.0,6000000000.0,0.0,0.0,0.0,,,2000000000.0,36000000.0,,3000000000.0,-9.0,100000000.0,-9.0,0.0,20.0,100.0,100.0,6000000000.0,99999991.0,99999991.0
598919.0,464.0,,,,,1.0,,90.0,15000000000.0,0.0,5.0,0.0,,,4000000000.0,500000000.0,,6000000000.0,-9.0,-9.0,10000000000.0,0.0,12.0,0.0,0.0,13500000000.0,9999999991.0,0.0
598920.0,473.0,,,,,1.0,,100.0,4100000000.0,0.0,0.0,0.0,,,324000000.0,20000000.0,,800000000.0,550000000.0,0.0,0.0,0.0,6.0,0.0,100.0,4100000000.0,0.0,0.0
598921.0,474.0,,,,,1.0,,100.0,37000000000.0,0.0,0.0,0.0,,,4800000000.0,30000000.0,,35000000000.0,500000000.0,900000000.0,0.0,0.0,25.0,100.0,100.0,37000000000.0,900000000.0,900000000.0
598922.0,478.0,,,,,1.0,-9.0,100.0,14000000000.0,0.0,0.0,0.0,1200000000.0,,780000000.0,40000000.0,-9.0,,,700000000.0,0.0,0.0,15.0,0.0,50.0,14000000000.0,700000000.0,0.0
598923.0,479.0,,,,,1.0,,100.0,35000000000.0,0.0,0.0,0.0,,,2500000000.0,960000000.0,,24000000000.0,70000000.0,900000000.0,-9.0,0.0,35.0,0.0,0.0,35000000000.0,899999991.0,0.0
598924.0,480.0,,,,,1.0,,80.0,30000000000.0,0.0,2.0,0.0,20000000.0,,3000000000.0,120000000.0,3120000000.0,,,0.0,0.0,0.0,52.0,0.0,50.0,24000000000.0,0.0,0.0
598925.0,487.0,,,,,1.0,,100.0,80000000000.0,0.0,5.0,0.0,500000000.0,,5000000000.0,300000000.0,,50000000000.0,20000000000.0,0.0,0.0,0.0,40.0,-9.0,-9.0,80000000000.0,0.0,-0.0
598926.0,488.0,,,,,1.0,,100.0,6400000000.0,0.0,0.0,0.0,,,1300000000.0,130000000.0,,3400000000.0,0.0,0.0,0.0,0.0,5.0,50.0,0.0,6400000000.0,0.0,0.0
598927.0,491.0,,,,,1.0,,90.0,1500000000.0,0.0,0.0,0.0,61000000.0,,360000000.0,120000000.0,,600000000.0,60000000.0,0.0,0.0,0.0,20.0,0.0,0.0,1350000000.0,0.0,0.0
598928.0,493.0,,,,,1.0,,70.0,2500000000.0,2.0,2.0,0.0,,,850000000.0,25000000.0,,50000000.0,1150000000.0,30000000.0,0.0,0.0,17.0,5.0,0.0,1750000000.0,30000000.0,1500000.0
598929.0,501.0,,,,,1.0,,60.0,2000000000.0,0.0,20.0,100000000.0,10000000.0,,1200000000.0,24000000.0,,180000000.0,12000000.0,1000000000.0,-9.0,100000000.0,52.0,0.0,30.0,1200000000.0,1099999991.0,0.0
598930.0,510.0,,,,,1.0,,100.0,3000000000.0,0.0,0.0,0.0,,,1060000000.0,173000000.0,,1500000000.0,-9.0,250000000.0,0.0,0.0,12.0,0.0,90.0,3000000000.0,250000000.0,0.0
598931.0,511.0,,,,,1.0,,100.0,20000000000.0,0.0,0.0,0.0,2300000000.0,60000000.0,10000000000.0,-9.0,,-9.0,-9.0,0.0,0.0,0.0,180.0,0.0,0.0,20000000000.0,0.0,0.0
598932.0,514.0,,,,,1.0,,100.0,5000000000.0,0.0,0.0,0.0,,,500000000.0,12000000.0,,-9.0,-9.0,0.0,0.0,0.0,12.0,50.0,50.0,5000000000.0,0.0,0.0
598933.0,516.0,,,,,1.0,,100.0,1440000000.0,0.0,0.0,0.0,,,1152000000.0,12000000.0,,200000000.0,100000000.0,800000000.0,0.0,0.0,40.0,0.0,40.0,1440000000.0,800000000.0,0.0
598934.0,517.0,,,,,1.0,,70.0,8000000000.0,0.0,0.0,0.0,36000000.0,,700000000.0,50000000.0,,6500000000.0,150000000.0,150000000.0,0.0,0.0,10.0,15.0,90.0,5600000000.0,150000000.0,22500000.0
598935.0,518.0,,,,,1.0,,100.0,6240000000.0,0.0,5.0,2000000.0,10000000.0,,1800000000.0,290000000.0,,6100000000.0,-9.0,312000000.0,0.0,2000000.0,70.0,100.0,100.0,6240000000.0,314000000.0,314000000.0
598936.0,526.0,,,,,1.0,,100.0,5900000000.0,0.0,0.0,0.0,,,-9.0,-9.0,,-9.0,-9.0,0.0,200000000.0,0.0,19.0,10.0,60.0,5900000000.0,200000000.0,20000000.0
598937.0,529.0,,,,,1.0,,50.0,10000000000.0,0.0,0.0,0.0,36000000.0,,1000000000.0,150000000.0,,1000000000.0,100000000.0,0.0,0.0,0.0,10.0,10.0,20.0,5000000000.0,0.0,0.0
598938.0,530.0,,,,,1.0,,70.0,15000000000.0,0.0,0.0,0.0,,,1500000000.0,30000000.0,,10000000000.0,100000000.0,0.0,0.0,0.0,17.0,30.0,30.0,10500000000.0,0.0,0.0
598939.0,534.0,,,,,1.0,,90.0,1537000000.0,0.0,0.0,200000000.0,80000000.0,,700000000.0,72000000.0,,500000000.0,10000000.0,0.0,0.0,200000000.0,14.0,0.0,0.0,1383300000.0,200000000.0,0.0
598940.0,539.0,,,,,1.0,,100.0,1000000000.0,0.0,0.0,0.0,,,400000000.0,50000000.0,,-9.0,-9.0,0.0,0.0,0.0,8.0,10.0,50.0,1000000000.0,0.0,0.0
598941.0,542.0,,,,,1.0,,100.0,1000000000.0,0.0,0.0,0.0,,,840000000.0,60000000.0,,80000000.0,10000000.0,150000000.0,-9.0,0.0,7.0,0.0,20.0,1000000000.0,149999991.0,0.0
598942.0,545.0,,,,,1.0,-9.0,100.0,3000000000.0,0.0,0.0,0.0,20000000.0,,2400000000.0,200000000.0,,-9.0,-9.0,600000000.0,0.0,0.0,6.0,100.0,100.0,3000000000.0,600000000.0,600000000.0
598943.0,548.0,,,,,1.0,,50.0,15000000000.0,0.0,0.0,400000000.0,80000000.0,,1500000000.0,180000000.0,,10000000000.0,75000000.0,150000000.0,-9.0,400000000.0,25.0,0.0,15.0,7500000000.0,549999991.0,0.0
598944.0,549.0,,,,,1.0,,100.0,-9.0,0.0,0.0,0.0,,,-9.0,-9.0,-9.0,,,100000000.0,0.0,0.0,7.0,100.0,30.0,-9.0,100000000.0,100000000.0
598945.0,553.0,,,,,1.0,,100.0,-9.0,0.0,0.0,0.0,,,-9.0,-9.0,,-9.0,-9.0,0.0,0.0,0.0,5.0,0.0,50.0,-9.0,0.0,0.0
598946.0,555.0,,,,,1.0,,30.0,2000000000.0,0.0,2.0,0.0,,,700000000.0,25000000.0,,1000000000.0,50000000.0,100000000.0,0.0,0.0,10.0,0.0,100.0,600000000.0,100000000.0,0.0
598947.0,560.0,,,,,1.0,,100.0,3000000000.0,0.0,0.0,0.0,120000000.0,,300000000.0,96000000.0,,190000000.0,-9.0,300000000.0,-9.0,0.0,55.0,80.0,100.0,3000000000.0,299999991.0,239999992.8
598948.0,566.0,,,,,1.0,,70.0,28000000000.0,0.0,0.0,0.0,,,1300000000.0,24000000.0,-9.0,,,0.0,0.0,0.0,20.0,10.0,100.0,19600000000.0,0.0,0.0
598949.0,568.0,,,,,1.0,,90.0,1500000000.0,0.0,0.0,0.0,,,1000000000.0,60000000.0,,200000000.0,50000000.0,0.0,0.0,0.0,11.0,20.0,50.0,1350000000.0,0.0,0.0
598950.0,574.0,,,,,1.0,,80.0,4600000000.0,0.0,0.0,0.0,,,1500000000.0,-9.0,,-9.0,-9.0,700000000.0,0.0,0.0,15.0,0.0,60.0,3680000000.0,700000000.0,0.0
598951.0,576.0,,,,,1.0,,100.0,300000000.0,0.0,0.0,0.0,,,90000000.0,1000000.0,,180000000.0,10000000.0,0.0,0.0,0.0,6.0,100.0,40.0,300000000.0,0.0,0.0
598952.0,583.0,,,,,1.0,,100.0,30000000000.0,0.0,0.0,0.0,50000000.0,50000000.0,700000000.0,84000000.0,,4000000000.0,24000000.0,1000000000.0,-9.0,0.0,9.0,15.0,80.0,30000000000.0,999999991.0,149999998.65
598953.0,591.0,,,,,1.0,,90.0,52000000000.0,0.0,0.0,0.0,600000000.0,,1700000000.0,300000000.0,,42000000000.0,60000000.0,0.0,0.0,0.0,20.0,0.0,0.0,46800000000.0,0.0,0.0
598954.0,594.0,,,,,1.0,,70.0,600000000.0,0.0,0.0,0.0,,,180000000.0,20000000.0,,300000000.0,20000000.0,0.0,0.0,0.0,7.0,0.0,0.0,420000000.0,0.0,0.0
598955.0,595.0,,,,,1.0,,100.0,50000000000.0,0.0,0.0,0.0,,,3000000000.0,300000000.0,-9.0,,,2000000000.0,0.0,0.0,15.0,0.0,0.0,50000000000.0,2000000000.0,0.0
598956.0,601.0,,,,,1.0,,100.0,-9.0,0.0,0.0,-9.0,,,-9.0,-9.0,,-9.0,-9.0,-9.0,0.0,-9.0,20.0,30.0,30.0,-9.0,-18.0,-5.3999999999999995
598957.0,603.0,,,,,1.0,,100.0,9000000000.0,0.0,0.0,0.0,,,1500000000.0,100000000.0,-9.0,,,0.0,0.0,0.0,19.0,0.0,50.0,9000000000.0,0.0,0.0
598958.0,610.0,,,,,1.0,,70.0,2500000000.0,0.0,0.0,0.0,20000000.0,,400000000.0,36000000.0,-9.0,,,0.0,0.0,0.0,8.0,0.0,30.0,1750000000.0,0.0,0.0
598959.0,613.0,,,,,1.0,,100.0,2000000000.0,0.0,0.0,0.0,,,1700000000.0,30000000.0,-9.0,,,0.0,0.0,0.0,10.0,30.0,90.0,2000000000.0,0.0,0.0
598960.0,615.0,,,,,1.0,,100.0,2100000000.0,0.0,0.0,0.0,360000000.0,,1200000000.0,24000000.0,1800000000.0,,,0.0,0.0,0.0,8.0,60.0,50.0,2100000000.0,0.0,0.0
598961.0,622.0,,,,,1.0,,100.0,50000000000.0,0.0,0.0,0.0,40000000.0,,800000000.0,36000000.0,-9.0,,,0.0,0.0,0.0,7.0,100.0,50.0,50000000000.0,0.0,0.0
598962.0,624.0,,,,,1.0,,100.0,2300000000.0,0.0,0.0,0.0,,,250000000.0,20000000.0,-9.0,,,0.0,0.0,0.0,10.0,0.0,20.0,2300000000.0,0.0,0.0
598963.0,625.0,,,,,1.0,,20.0,61000000000.0,0.0,0.0,0.0,80000000.0,,2100000000.0,24000000.0,,-9.0,-9.0,480000000.0,0.0,0.0,18.0,100.0,80.0,12200000000.0,480000000.0,480000000.0
598964.0,626.0,,,,,1.0,,100.0,5000000000.0,1.0,0.0,0.0,,,480000000.0,36000000.0,-9.0,,,0.0,0.0,0.0,8.0,40.0,60.0,5000000000.0,0.0,0.0
598965.0,630.0,,,,,1.0,,80.0,320000000000.0,0.0,0.0,0.0,,,1400000000.0,300000000.0,-9.0,,,0.0,0.0,0.0,13.0,50.0,50.0,256000000000.0,0.0,0.0
598966.0,636.0,,,,,1.0,,100.0,9000000000.0,0.0,1.0,0.0,10000000.0,20000000.0,900000000.0,20000000.0,-9.0,,,0.0,0.0,0.0,10.0,30.0,40.0,9000000000.0,0.0,0.0
598967.0,637.0,,,,,1.0,,80.0,8000000000.0,0.0,1.0,100000000.0,50000000.0,,1200000000.0,180000000.0,-9.0,,,500000000.0,-9.0,100000000.0,24.0,30.0,30.0,6400000000.0,599999991.0,179999997.29999998
598968.0,638.0,,,,,1.0,,100.0,100000000000.0,0.0,0.0,0.0,,,15000000000.0,15000000.0,-9.0,,,10000000000.0,0.0,0.0,60.0,100.0,100.0,100000000000.0,10000000000.0,10000000000.0
598969.0,644.0,,,,,1.0,,80.0,1100000000.0,0.0,0.0,0.0,,,400000000.0,10000000.0,700.0,,,0.0,0.0,0.0,7.0,70.0,100.0,880000000.0,0.0,0.0
598970.0,647.0,,,,,1.0,,100.0,21000000000.0,0.0,0.0,0.0,,,370000000.0,-9.0,-9.0,,,0.0,0.0,0.0,12.0,50.0,50.0,21000000000.0,0.0,0.0
598971.0,650.0,,,,,1.0,,80.0,38000000000.0,0.0,0.0,0.0,,,5000000000.0,300000000.0,-9.0,,,0.0,0.0,0.0,18.0,50.0,50.0,30400000000.0,0.0,0.0
598972.0,651.0,,,,,1.0,,100.0,7500000000.0,0.0,0.0,0.0,,,757000000.0,13000000.0,-9.0,,,0.0,0.0,0.0,6.0,50.0,70.0,7500000000.0,0.0,0.0
598973.0,663.0,,,,,1.0,,100.0,75000000000.0,0.0,0.0,0.0,960000000.0,,960000000.0,30000000.0,-9.0,,,0.0,0.0,0.0,10.0,0.0,0.0,75000000000.0,0.0,0.0
598974.0,665.0,,,,,1.0,,70.0,8400000000.0,0.0,0.0,0.0,,,600000000.0,6000000.0,5000.0,,,40000000.0,0.0,0.0,10.0,100.0,80.0,5880000000.0,40000000.0,40000000.0
598975.0,671.0,,,,,1.0,,70.0,2500000000.0,6.0,0.0,0.0,,,288000000.0,200000000.0,500000000.0,,,3000000000.0,0.0,0.0,6.0,70.0,70.0,1750000000.0,3000000000.0,2099999999.9999998
598976.0,678.0,,,,,1.0,,-9.0,15000000000.0,0.0,1.0,0.0,,,430000000.0,6000000.0,12000.0,,,100000000.0,0.0,0.0,8.0,30.0,50.0,-1350000000.0,100000000.0,30000000.0
598977.0,679.0,,,,,1.0,,70.0,20000000000.0,0.0,0.0,0.0,,,200000000.0,36000000.0,25000000000.0,,,700000000.0,-9.0,0.0,10.0,50.0,70.0,14000000000.0,699999991.0,349999995.5
598978.0,680.0,,,,,1.0,,100.0,-9.0,0.0,0.0,0.0,,,-9.0,-9.0,-9.0,,,0.0,0.0,0.0,8.0,60.0,95.0,-9.0,0.0,0.0
598979.0,686.0,,,,,1.0,,70.0,6000000000.0,0.0,0.0,0.0,,,1000000000.0,6000000.0,1500.0,,,0.0,0.0,0.0,12.0,0.0,0.0,4200000000.0,0.0,0.0
598980.0,692.0,,,,,3.0,,100.0,1000000000.0,0.0,0.0,0.0,90000000.0,,40000000.0,12000000.0,980000000.0,,,100000000.0,-9.0,0.0,5.0,60.0,30.0,1000000000.0,99999991.0,59999994.6
598981.0,696.0,,,,,1.0,,100.0,46000000000.0,0.0,0.0,0.0,,,700000000.0,300000000.0,-9.0,,,0.0,0.0,0.0,10.0,30.0,30.0,46000000000.0,0.0,0.0
598982.0,701.0,,,,,1.0,,57.0,4000000000.0,0.0,0.0,0.0,,,300000000.0,10000000.0,3400.0,,,0.0,0.0,0.0,8.0,50.0,0.0,2280000000.0,0.0,0.0
598983.0,704.0,,,,,1.0,,95.0,7500000000.0,0.0,10.0,-9.0,,,500000000.0,70000000.0,720.0,,,-9.0,-9.0,-9.0,18.0,0.0,100.0,7125000000.0,-27.0,-0.0
598984.0,706.0,,,,,1.0,,100.0,73000000000.0,0.0,0.0,0.0,,,950000000.0,300000000.0,,51000000000.0,200000000.0,0.0,0.0,0.0,9.0,30.0,60.0,73000000000.0,0.0,0.0
598985.0,717.0,,,,,1.0,,100.0,6230000000.0,0.0,0.0,0.0,,,3360000000.0,24000000.0,3600000000.0,,,0.0,0.0,0.0,30.0,0.0,100.0,6230000000.0,0.0,0.0
598986.0,720.0,,,,,1.0,,70.0,2000000000.0,0.0,0.0,0.0,,,192000000.0,12000000.0,-9.0,,,0.0,0.0,0.0,5.0,20.0,-9.0,1400000000.0,0.0,0.0
598987.0,721.0,,,,,1.0,,70.0,13000000000.0,0.0,0.0,100000000.0,30000000.0,,1800000000.0,420000000.0,,9600000000.0,-9.0,2500000000.0,0.0,100000000.0,25.0,0.0,50.0,9100000000.0,2600000000.0,0.0
598988.0,723.0,,,,,1.0,,100.0,800000000.0,0.0,0.0,0.0,,,240000000.0,12000000.0,570000000.0,,,0.0,0.0,0.0,6.0,0.0,0.0,800000000.0,0.0,0.0
598989.0,727.0,,,,,1.0,,80.0,12000000000.0,0.0,0.0,0.0,120000000.0,,1000000000.0,100000000.0,,4000000000.0,500000000.0,0.0,0.0,0.0,18.0,0.0,0.0,9600000000.0,0.0,0.0
598990.0,728.0,,,,,1.0,,95.0,4500000000.0,0.0,2.0,0.0,20000000.0,,1000000000.0,150000000.0,,3000000000.0,200000000.0,1000000000.0,0.0,0.0,20.0,50.0,80.0,4275000000.0,1000000000.0,500000000.0
598991.0,729.0,,,,,1.0,,100.0,5000000000.0,0.0,0.0,15000000000.0,,30000000.0,-9.0,-9.0,,-9.0,-9.0,15000000000.0,0.0,15000000000.0,50.0,50.0,30.0,5000000000.0,30000000000.0,15000000000.0
598992.0,740.0,,,,,1.0,,100.0,3110000000.0,0.0,2.0,0.0,45000000.0,,1600000000.0,100000000.0,,-9.0,-9.0,0.0,600000000.0,0.0,6.0,-9.0,90.0,3110000000.0,600000000.0,-54000000.0
598993.0,742.0,,,,,1.0,,40.0,1500000000.0,0.0,0.0,100000000.0,,,120000000.0,96000000.0,900.0,,,0.0,0.0,100000000.0,18.0,0.0,0.0,600000000.0,100000000.0,0.0
598994.0,750.0,,,,,1.0,,100.0,1000000000.0,2.0,2.0,0.0,,,360000000.0,60000000.0,,360000000.0,180000000.0,200000000.0,0.0,0.0,8.0,50.0,100.0,1000000000.0,200000000.0,100000000.0
598995.0,751.0,,,,,1.0,,100.0,1400000000.0,0.0,10.0,0.0,,,400000000.0,48000000.0,,600000000.0,120000000.0,0.0,0.0,0.0,10.0,40.0,100.0,1400000000.0,0.0,0.0
598996.0,752.0,,,,,1.0,,70.0,1000000000.0,5.0,10.0,10000000.0,,,700000000.0,30000000.0,,120000000.0,25000000.0,100000000.0,7000000000.0,10000000.0,20.0,20.0,40.0,700000000.0,7110000000.0,1422000000.0
598997.0,755.0,,,,,1.0,,70.0,5000000000.0,0.0,20.0,0.0,1000000.0,,380000000.0,30000000.0,,1800000000.0,40000000.0,0.0,0.0,0.0,5.0,0.0,50.0,3500000000.0,0.0,0.0
598998.0,760.0,,,,,1.0,,100.0,500000000.0,0.0,0.0,0.0,,,100000000.0,15000000.0,,10000000.0,5000000.0,0.0,0.0,0.0,5.0,100.0,0.0,500000000.0,0.0,0.0
598999.0,762.0,,,,,1.0,10000000.0,100.0,720000000.0,5.0,5.0,0.0,,,300000000.0,255000000.0,,150000000.0,-9.0,30000000.0,0.0,0.0,8.0,0.0,10.0,720000000.0,30000000.0,0.0
599000.0,764.0,,,,,1.0,,70.0,1151000000.0,0.0,5.0,0.0,,,210000000.0,20000000.0,,350000000.0,12000000.0,50000000.0,0.0,0.0,8.0,0.0,30.0,805700000.0,50000000.0,0.0
599001.0,767.0,,,,,1.0,200000000.0,90.0,4000000000.0,0.0,0.0,1500000000000000.0,,,1100000000.0,100000000.0,,800000000.0,60000000.0,980000000.0,0.0,1500000000000000.0,17.0,20.0,15.0,3600000000.0,1500000980000000.0,300000196000000.0
599002.0,768.0,,,,,1.0,,95.0,10000000000.0,0.0,0.0,0.0,420000000.0,,350000000.0,50000000.0,,-9.0,-9.0,100000000.0,0.0,0.0,35.0,60.0,90.0,9500000000.0,100000000.0,60000000.0
599003.0,773.0,,,,,1.0,10000000.0,80.0,5000000000.0,0.0,0.0,0.0,12000000.0,,1200000000.0,300000000.0,,2000000000.0,240000000.0,0.0,0.0,0.0,30.0,60.0,0.0,4000000000.0,0.0,0.0
599004.0,779.0,,,,,1.0,,100.0,3700000000.0,0.0,0.0,0.0,,,828000000.0,25000000.0,,1297000000.0,-9.0,0.0,0.0,0.0,26.0,0.0,100.0,3700000000.0,0.0,0.0
599005.0,780.0,,,,,1.0,,100.0,800000000.0,0.0,0.0,0.0,,,260000000.0,70000000.0,,-9.0,-9.0,200000000.0,0.0,0.0,5.0,0.0,0.0,800000000.0,200000000.0,0.0
599006.0,781.0,,,,,1.0,,100.0,1000000000.0,0.0,0.0,0.0,,,600000000.0,30000000.0,,100000000.0,36000000.0,0.0,0.0,0.0,5.0,20.0,0.0,1000000000.0,0.0,0.0
599007.0,789.0,,,,,1.0,,60.0,1320000000.0,0.0,0.0,0.0,,,576000000.0,18000000.0,,120000000.0,-9.0,0.0,0.0,0.0,12.0,50.0,50.0,792000000.0,0.0,0.0
599008.0,793.0,,,,,1.0,,100.0,474000000.0,0.0,0.0,0.0,,,186000000.0,12000000.0,,200000000.0,-9.0,0.0,0.0,0.0,6.0,0.0,70.0,474000000.0,0.0,0.0
599009.0,796.0,,,,,1.0,,100.0,1500000000.0,0.0,0.0,0.0,,,1200000000.0,30000000.0,,500000000.0,-9.0,0.0,0.0,0.0,7.0,0.0,0.0,1500000000.0,0.0,0.0
599010.0,797.0,,,,,1.0,,100.0,500000000.0,0.0,0.0,0.0,,,180000000.0,12000000.0,,220000000.0,-9.0,0.0,0.0,0.0,5.0,0.0,50.0,500000000.0,0.0,0.0
599011.0,798.0,,,,,1.0,,100.0,55120000000.0,0.0,0.0,0.0,,,970000000.0,368000000.0,,33250000000.0,550000000.0,34250000000.0,4117000000.0,0.0,18.0,60.0,40.0,55120000000.0,38367000000.0,23020200000.0
599012.0,800.0,,,,,1.0,,100.0,10000000000.0,1.0,1.0,500000000.0,,,1368000000.0,86000000.0,,-9.0,-9.0,100000000.0,0.0,500000000.0,16.0,0.0,0.0,10000000000.0,600000000.0,0.0
599013.0,807.0,,,,,1.0,,50.0,1500000000.0,0.0,1.0,0.0,5000000.0,,500000000.0,60000000.0,-9.0,,,100000000.0,0.0,0.0,20.0,10.0,10.0,750000000.0,100000000.0,10000000.0
599014.0,817.0,,,,,1.0,,100.0,4100000000.0,0.0,0.0,0.0,,,1616000000.0,120000000.0,,815000000.0,-9.0,0.0,0.0,0.0,22.0,50.0,70.0,4100000000.0,0.0,0.0
599015.0,827.0,,,,,1.0,,70.0,1000000000.0,5.0,5.0,0.0,,,300000000.0,20000000.0,,500000000.0,-9.0,200000000.0,0.0,0.0,20.0,0.0,50.0,700000000.0,200000000.0,0.0
599016.0,841.0,,,,,1.0,,100.0,950000000.0,0.0,0.0,0.0,,,60000000.0,18000000.0,,250000000.0,-9.0,20000000.0,0.0,0.0,10.0,40.0,50.0,950000000.0,20000000.0,8000000.0
599017.0,844.0,,,,,1.0,,90.0,3000000000.0,0.0,2.0,0.0,,,1000000000.0,12000000.0,,1200000000.0,-9.0,40000000.0,-9.0,0.0,14.0,0.0,40.0,2700000000.0,39999991.0,0.0
599018.0,853.0,,,,,1.0,,100.0,7000000000.0,0.0,0.0,0.0,,,3600000000.0,60000000.0,4200000000.0,,,0.0,0.0,0.0,7.0,100.0,100.0,7000000000.0,0.0,0.0
599019.0,860.0,,,,,1.0,,80.0,9000000000.0,0.0,2.0,80000000.0,360000000.0,,120000000.0,60000000.0,,7000000000.0,40000000.0,1500000000.0,-9.0,80000000.0,40.0,70.0,80.0,7200000000.0,1579999991.0,1105999993.7
599020.0,862.0,,,,,1.0,,100.0,7000000000.0,0.0,10.0,0.0,360000000.0,10000000.0,135000000.0,18000000.0,,280000000.0,0.0,100000000.0,0.0,0.0,10.0,50.0,50.0,7000000000.0,100000000.0,50000000.0
599021.0,863.0,,,,,1.0,,80.0,780000000.0,0.0,0.0,100000000.0,3000000.0,,82415000.0,5000000.0,-9.0,,,600000000.0,0.0,100000000.0,25.0,60.0,100.0,624000000.0,700000000.0,420000000.0
599022.0,865.0,,,,,1.0,24000000.0,70.0,1553000000.0,0.0,0.0,0.0,,,-9.0,-9.0,,-9.0,-9.0,150000000.0,0.0,0.0,15.0,0.0,80.0,1087100000.0,150000000.0,0.0
599023.0,867.0,,,,,1.0,,75.0,1000000000.0,2.0,2.0,20000000.0,,,60000000.0,25000000.0,,500000000.0,0.0,0.0,0.0,20000000.0,10.0,40.0,40.0,750000000.0,20000000.0,8000000.0
599024.0,870.0,,,,,1.0,,60.0,1200000000.0,0.0,0.0,0.0,,,290000000.0,12000000.0,,540000000.0,35000000.0,0.0,0.0,0.0,6.0,30.0,0.0,720000000.0,0.0,0.0
599025.0,872.0,,,,,1.0,,100.0,5000000000.0,0.0,0.0,0.0,,,60000000.0,-9.0,,4000000000.0,0.0,135000000.0,0.0,0.0,6.0,0.0,70.0,5000000000.0,135000000.0,0.0
599026.0,873.0,,,,,1.0,,100.0,100000000.0,0.0,0.0,0.0,50000000.0,,36000000.0,4000000.0,,95000000.0,1000000.0,0.0,0.0,0.0,7.0,0.0,0.0,100000000.0,0.0,0.0
599027.0,875.0,,,,,1.0,,100.0,3629000000.0,0.0,0.0,0.0,,,331000000.0,24000000.0,,3349000000.0,-9.0,0.0,0.0,0.0,8.0,50.0,50.0,3629000000.0,0.0,0.0
599028.0,882.0,,,,,1.0,,80.0,10180000000.0,5.0,5.0,0.0,,,564000000.0,15000000.0,,2875000000.0,20000000.0,150000000.0,0.0,0.0,17.0,0.0,70.0,8144000000.0,150000000.0,0.0
599029.0,892.0,,,,,1.0,2000000.0,80.0,4000000000.0,0.0,0.0,0.0,20000000.0,,800000000.0,20000000.0,,1000000000.0,80000000.0,300000000.0,2500000000.0,0.0,9.0,20.0,20.0,3200000000.0,2800000000.0,560000000.0
599030.0,895.0,,,,,1.0,,100.0,7000000000.0,0.0,0.0,0.0,,,1000000000.0,5000000.0,-9.0,,,100000000.0,-9.0,0.0,125.0,0.0,5.0,7000000000.0,99999991.0,0.0
599031.0,896.0,,,,,1.0,20000000.0,100.0,2100000000.0,0.0,0.0,0.0,,,800000000.0,2000000.0,-9.0,,,600000000.0,0.0,0.0,15.0,10.0,50.0,2100000000.0,600000000.0,60000000.0
599032.0,904.0,,,,,1.0,,47.0,350000000000.0,0.0,0.0,800000000.0,120000000.0,,20000000000.0,400000000.0,,180000000000.0,1500000000.0,25000000000.0,10000000000.0,800000000.0,321.0,40.0,40.0,164500000000.0,35800000000.0,14320000000.0
599033.0,905.0,,,,,1.0,,80.0,2200000000.0,0.0,0.0,0.0,,,400000000.0,10000000.0,2200000000.0,,,700000000.0,0.0,0.0,5.0,0.0,60.0,1760000000.0,700000000.0,0.0
599034.0,906.0,,,,,1.0,,100.0,1100000000.0,0.0,0.0,0.0,,,200000000.0,4000000.0,,-9.0,-9.0,0.0,0.0,0.0,5.0,0.0,80.0,1100000000.0,0.0,0.0
599035.0,908.0,,,,,1.0,,90.0,15000000000.0,0.0,0.0,0.0,,,130000000.0,40000000.0,,9000000000.0,80000000.0,0.0,0.0,0.0,18.0,50.0,50.0,13500000000.0,0.0,0.0
599036.0,912.0,,,,,1.0,,50.0,-9.0,0.0,0.0,0.0,-9.0,,-9.0,-9.0,-9.0,,,0.0,0.0,0.0,20.0,0.0,0.0,-4.5,0.0,0.0
599037.0,917.0,,,,,1.0,,100.0,1106000000.0,0.0,0.0,0.0,,,320000000.0,12000000.0,620.0,,,0.0,0.0,0.0,19.0,0.0,70.0,1106000000.0,0.0,0.0
599038.0,918.0,,,,,1.0,,100.0,5500000000.0,0.0,0.0,0.0,5000000.0,,400000000.0,15000000.0,600000000.0,,,0.0,0.0,0.0,15.0,50.0,90.0,5500000000.0,0.0,0.0
599039.0,922.0,,,,,1.0,,100.0,700000000.0,0.0,0.0,0.0,15000000.0,,-9.0,-9.0,-9.0,,,0.0,0.0,0.0,9.0,50.0,20.0,700000000.0,0.0,0.0
599040.0,923.0,,,,,1.0,,100.0,900000000.0,0.0,0.0,0.0,,,-9.0,5000000.0,600.0,,,0.0,0.0,0.0,5.0,0.0,100.0,900000000.0,0.0,0.0
599041.0,924.0,,,,,1.0,,70.0,1700000000.0,1.0,5.0,0.0,12000000.0,10000000.0,800000000.0,2000000.0,900000000.0,,,0.0,0.0,0.0,8.0,50.0,90.0,1190000000.0,0.0,0.0
599042.0,925.0,,,,,1.0,,100.0,15000000000.0,0.0,0.0,0.0,,,420000000.0,12000000.0,13000000000.0,,,0.0,0.0,0.0,10.0,100.0,100.0,15000000000.0,0.0,0.0
599043.0,933.0,,,,,1.0,,100.0,200000000.0,0.0,0.0,0.0,,,-9.0,-9.0,-9.0,,,0.0,0.0,0.0,5.0,20.0,80.0,200000000.0,0.0,0.0
599044.0,947.0,,,,,1.0,,70.0,1000000000.0,0.0,0.0,0.0,130000000.0,,750000000.0,192000000.0,-9.0,,,8500000000.0,3500000000.0,0.0,19.0,-9.0,0.0,700000000.0,12000000000.0,-1080000000.0
599045.0,955.0,,,,,1.0,,100.0,1500000000.0,0.0,0.0,0.0,,,300000000.0,300000000.0,,130000000.0,-9.0,400000000.0,0.0,0.0,15.0,70.0,90.0,1500000000.0,400000000.0,280000000.0
599046.0,960.0,,,,,1.0,,65.0,4500000000.0,0.0,1.0,0.0,,,300000000.0,180000000.0,,3000000000.0,-9.0,0.0,0.0,0.0,10.0,0.0,0.0,2925000000.0,0.0,0.0
599047.0,965.0,,,,,1.0,,99.0,75000000000.0,0.0,0.0,0.0,,,1700000000.0,360000000.0,,45000000000.0,200000000.0,0.0,0.0,0.0,30.0,30.0,30.0,74250000000.0,0.0,0.0
599048.0,970.0,,,,,1.0,,80.0,9680000000.0,0.0,0.0,0.0,,,5561000000.0,112000000.0,,343000000.0,-9.0,3500000000.0,3500000000.0,0.0,55.0,0.0,20.0,7744000000.0,7000000000.0,0.0
599049.0,973.0,,,,,1.0,,99.0,4740000000.0,-7.0,0.0,0.0,,,186000000.0,12000000.0,,200000000.0,600000000.0,0.0,0.0,0.0,6.0,20.0,10.0,4692600000.0,0.0,0.0
599050.0,978.0,,,,,1.0,,60.0,3800000000.0,0.0,0.0,0.0,,,1000000000.0,30000000.0,2960000000.0,,,800000000.0,0.0,0.0,15.0,0.0,35.0,2280000000.0,800000000.0,0.0
599051.0,984.0,,,,,1.0,,80.0,1620000000.0,0.0,0.0,0.0,,,500000000.0,60000000.0,,600000000.0,70000000.0,0.0,0.0,0.0,8.0,30.0,50.0,1296000000.0,0.0,0.0
599052.0,985.0,,,,,1.0,,90.0,719000000.0,0.0,0.0,0.0,,,-9.0,21000000.0,,124000000.0,13000000.0,1000000000.0,300000000.0,0.0,9.0,0.0,60.0,647100000.0,1300000000.0,0.0
599053.0,989.0,,,,,1.0,,90.0,1500000000.0,0.0,2.0,0.0,,,480000000.0,240000000.0,,-9.0,240000000.0,280000000.0,0.0,0.0,12.0,0.0,30.0,1350000000.0,280000000.0,0.0
599054.0,991.0,,,,,1.0,,90.0,292000000.0,0.0,0.0,0.0,,,180000000.0,36000000.0,,36000000.0,10000000.0,150000000.0,-9.0,0.0,6.0,0.0,0.0,262800000.0,149999991.0,0.0
599055.0,996.0,,,,,1.0,,100.0,2000000000.0,0.0,0.0,0.0,,,200000000.0,-9.0,,-9.0,-9.0,0.0,0.0,0.0,20.0,0.0,0.0,2000000000.0,0.0,0.0
599056.0,1002.0,,,,,1.0,,65.0,200000000.0,2.0,0.0,0.0,,,100000000.0,14000000.0,,-9.0,-9.0,0.0,0.0,0.0,8.0,0.0,10.0,130000000.0,0.0,0.0
599057.0,1008.0,,,,,1.0,,99.0,2000000000.0,0.0,0.0,0.0,,,-9.0,60000000.0,,-9.0,-9.0,0.0,0.0,0.0,25.0,0.0,70.0,1980000000.0,0.0,0.0
599058.0,1018.0,,,,,1.0,,50.0,1000000000.0,0.0,0.0,0.0,,,420000000.0,36000000.0,,300000000.0,50000000.0,33000000.0,0.0,0.0,15.0,100.0,100.0,500000000.0,33000000.0,33000000.0
599059.0,1027.0,,,,,1.0,,99.0,700000000.0,0.0,0.0,0.0,22000000.0,,357000000.0,28000000.0,,420000000.0,1000000.0,0.0,0.0,0.0,15.0,50.0,70.0,693000000.0,0.0,0.0
599060.0,1028.0,,,,,1.0,,100.0,840000000.0,0.0,2.0,0.0,,,300000000.0,40000000.0,,120000000.0,330000000.0,0.0,0.0,0.0,10.0,20.0,50.0,840000000.0,0.0,0.0
599061.0,1031.0,,,,,1.0,,100.0,31000000000.0,0.0,0.0,0.0,,,1000000000.0,36000000.0,,-9.0,-9.0,0.0,0.0,0.0,22.0,0.0,0.0,31000000000.0,0.0,0.0
599062.0,1038.0,,,,,1.0,,100.0,4800000000.0,0.0,1.0,0.0,,,1200000000.0,36000000.0,,2000000000.0,600000000.0,150000000.0,0.0,0.0,20.0,30.0,40.0,4800000000.0,150000000.0,45000000.0
599063.0,1040.0,,,,,1.0,4000000.0,100.0,5800000000.0,0.0,0.0,0.0,41000000.0,,2400000000.0,65000000.0,,1000000000.0,1200000000.0,0.0,0.0,0.0,18.0,0.0,0.0,5800000000.0,0.0,0.0
599064.0,1044.0,,,,,1.0,,90.0,2500000000.0,0.0,2.0,75000000.0,,,400000000.0,50000000.0,,1000000000.0,50000000.0,1000000000.0,0.0,75000000.0,5.0,0.0,40.0,2250000000.0,1075000000.0,0.0
599065.0,1057.0,,,,,1.0,,80.0,3000000000.0,0.0,2.0,0.0,,,1200000000.0,150000000.0,,-9.0,240000000.0,0.0,0.0,0.0,8.0,30.0,45.0,2400000000.0,0.0,0.0
599066.0,1060.0,,,,,1.0,,80.0,80000000000.0,0.0,0.0,0.0,72000000.0,,3600000000.0,72000000.0,-9.0,,,20000000000.0,4000000000.0,0.0,50.0,100.0,70.0,64000000000.0,24000000000.0,24000000000.0
599067.0,1062.0,,,,,1.0,,70.0,60000000000.0,0.0,0.0,-9.0,,,1800000000.0,480000000.0,,10000000000.0,8000000000.0,0.0,0.0,-9.0,30.0,90.0,70.0,42000000000.0,-9.0,-8.1
599068.0,1065.0,,,,,1.0,,95.0,200000000.0,0.0,0.0,0.0,,,50000000.0,6000000.0,,70000000.0,18000000.0,25000000.0,0.0,0.0,9.0,0.0,100.0,190000000.0,25000000.0,0.0
599069.0,1067.0,,,,,1.0,,90.0,608000000.0,0.0,0.0,0.0,,,308000000.0,46000000.0,,232000000.0,-9.0,40000000.0,0.0,0.0,5.0,0.0,40.0,547200000.0,40000000.0,0.0
599070.0,1084.0,,,,,1.0,,99.0,900000000.0,0.0,0.0,0.0,,,480000000.0,38000000.0,,840000000.0,2000000.0,100000000.0,0.0,0.0,15.0,100.0,70.0,891000000.0,100000000.0,100000000.0
599071.0,1092.0,,,,,1.0,,60.0,400000000.0,0.0,0.0,0.0,,,288000000.0,6000000.0,,200000000.0,-9.0,50000000.0,0.0,0.0,5.0,0.0,30.0,240000000.0,50000000.0,0.0
599072.0,1101.0,,,,,1.0,,30.0,10000000000.0,0.0,0.0,0.0,45000000.0,,-9.0,-9.0,-9.0,,,2000000000.0,0.0,0.0,20.0,100.0,100.0,3000000000.0,2000000000.0,2000000000.0
599073.0,1103.0,,,,,1.0,,90.0,1500000000.0,0.0,0.0,0.0,,,1080000000.0,24000000.0,-9.0,,,0.0,0.0,0.0,15.0,30.0,30.0,1350000000.0,0.0,0.0
599074.0,1104.0,,,,,1.0,,100.0,3000000000.0,0.0,0.0,0.0,,,2160000000.0,6000000.0,2440000000.0,,,0.0,0.0,0.0,30.0,0.0,0.0,3000000000.0,0.0,0.0
599075.0,1111.0,,,,,1.0,,70.0,7000000000.0,0.0,0.0,0.0,,,-9.0,-9.0,-9.0,,,1000000000.0,0.0,0.0,14.0,30.0,80.0,4900000000.0,1000000000.0,300000000.0
599076.0,1117.0,,,,,1.0,,100.0,66000000000.0,0.0,0.0,0.0,,,990000000.0,600000000.0,-9.0,,,0.0,0.0,0.0,15.0,50.0,50.0,66000000000.0,0.0,0.0
599077.0,1118.0,,,,,1.0,,80.0,1250000000.0,0.0,5.0,0.0,1000000.0,,300000000.0,5000000.0,1000.0,,,140000000.0,0.0,0.0,5.0,20.0,30.0,1000000000.0,140000000.0,28000000.0
599078.0,1119.0,,,,,1.0,,99.0,18000000000.0,0.0,0.0,0.0,,,293000000.0,24000000.0,12317.0,,,0.0,0.0,0.0,5.0,0.0,100.0,17820000000.0,0.0,0.0
599079.0,1128.0,,,,,1.0,,99.0,2600000000.0,0.0,0.0,0.0,,,170000000.0,3000000.0,2000.0,,,0.0,0.0,0.0,7.0,80.0,80.0,2574000000.0,0.0,0.0
599083.0,1143.0,,,,,2.0,,95.0,55000000000.0,0.0,0.0,0.0,85000000.0,,632000000.0,80000000.0,1012.0,,,1400000000.0,0.0,0.0,32.0,20.0,80.0,52250000000.0,1400000000.0,280000000.0
599084.0,1148.0,,,,,2.0,,100.0,63000000000.0,0.0,1.0,0.0,,,1300000000.0,480000000.0,,40000000000.0,300000000.0,0.0,0.0,0.0,20.0,20.0,10.0,63000000000.0,0.0,0.0
599085.0,1150.0,,,,,2.0,-9.0,70.0,10000000000.0,0.0,0.0,100000000.0,80000000.0,,1200000000.0,200000000.0,-9.0,,,0.0,0.0,100000000.0,30.0,30.0,50.0,7000000000.0,100000000.0,30000000.0
599090.0,1186.0,,,,,2.0,,100.0,4000000000.0,0.0,0.0,0.0,,,1200000000.0,300000000.0,,150000000.0,-9.0,0.0,0.0,0.0,26.0,0.0,0.0,4000000000.0,0.0,0.0
599093.0,1197.0,,,,,2.0,,100.0,4100000000.0,0.0,0.0,0.0,100000000.0,,2200000000.0,180000000.0,,-9.0,120000000.0,230000000.0,0.0,0.0,-9.0,0.0,0.0,4100000000.0,230000000.0,0.0
599095.0,1215.0,,,,,2.0,,70.0,7000000000.0,0.0,0.0,0.0,,,1000000000.0,25000000.0,,3500000000.0,-9.0,300000000.0,0.0,0.0,12.0,95.0,90.0,4900000000.0,300000000.0,285000000.0
599096.0,1226.0,,,,,2.0,,-9.0,75000000000.0,0.0,0.0,0.0,20000000.0,,1000000000.0,360000000.0,,-9.0,-9.0,100000000.0,-9.0,0.0,17.0,100.0,100.0,-6750000000.0,99999991.0,99999991.0
599097.0,1229.0,,,,,2.0,,70.0,19000000000.0,1.0,1.0,500000000.0,100000000.0,5000000.0,1800000000.0,1000000000.0,,13000000000.0,1200000000.0,5000000000.0,0.0,500000000.0,30.0,10.0,10.0,13300000000.0,5500000000.0,550000000.0
599101.0,1242.0,,,,,2.0,,100.0,5200000000.0,0.0,0.0,0.0,360000000.0,,300000000.0,12000000.0,-9.0,,,0.0,0.0,0.0,5.0,50.0,60.0,5200000000.0,0.0,0.0
599103.0,1252.0,,,,,2.0,,100.0,5000000000.0,0.0,1.0,0.0,600000000.0,,1440000000.0,50000000.0,,340000000.0,650000000.0,0.0,0.0,0.0,20.0,70.0,60.0,5000000000.0,0.0,0.0
599104.0,1254.0,,,,,2.0,,98.0,110000000000.0,0.0,0.0,0.0,,,2500000000.0,8400000000.0,,92000000.0,10000000.0,0.0,0.0,0.0,36.0,70.0,70.0,107800000000.0,0.0,0.0
599105.0,1259.0,,,,,2.0,,68.0,9000000000.0,0.0,1.0,100000000.0,,,3000000000.0,300000000.0,-9.0,,,3000000000.0,0.0,100000000.0,25.0,30.0,50.0,6120000000.0,3100000000.0,930000000.0
599108.0,1283.0,,,,,2.0,,50.0,-9.0,0.0,0.0,0.0,80000000.0,,-9.0,-9.0,,-9.0,-9.0,0.0,0.0,0.0,25.0,50.0,50.0,-4.5,0.0,0.0
599109.0,1286.0,,,,,2.0,,100.0,7800000000.0,0.0,0.0,0.0,,,1200000000.0,130000000.0,,5600000000.0,700000000.0,730000000.0,1100000000.0,0.0,8.0,70.0,100.0,7800000000.0,1830000000.0,1281000000.0
599110.0,1294.0,,,,,2.0,,40.0,50000000000.0,0.0,0.0,0.0,50000000.0,,1200000000.0,120000000.0,,20000000000.0,500000000.0,300000000.0,0.0,0.0,20.0,0.0,30.0,20000000000.0,300000000.0,0.0
599111.0,1296.0,,,,,2.0,,100.0,16000000000.0,0.0,0.0,0.0,100000000.0,,1300000000.0,200000000.0,,14000000000.0,-9.0,0.0,0.0,0.0,25.0,50.0,70.0,16000000000.0,0.0,0.0
599113.0,1314.0,,,,,2.0,120000000.0,100.0,200000000000.0,0.0,0.0,0.0,50000000.0,,1800000000.0,75000000.0,,-9.0,180000000.0,0.0,0.0,0.0,30.0,20.0,40.0,200000000000.0,0.0,0.0
599116.0,1320.0,,,,,2.0,,100.0,4000000000.0,0.0,0.0,0.0,48000000.0,,700000000.0,200000000.0,-9.0,,,0.0,0.0,0.0,15.0,0.0,10.0,4000000000.0,0.0,0.0
599117.0,1326.0,,,,,2.0,,90.0,7000000000.0,0.0,2.0,0.0,,,1200000000.0,60000000.0,,4000000000.0,1000000000.0,200000000.0,1500000000.0,0.0,20.0,50.0,80.0,6300000000.0,1700000000.0,850000000.0
599118.0,1329.0,,,,,2.0,,100.0,3000000000.0,0.0,0.0,0.0,48000000.0,,900000000.0,40000000.0,-9.0,,,0.0,0.0,0.0,30.0,0.0,70.0,3000000000.0,0.0,0.0
599119.0,1333.0,,,,,2.0,,100.0,9000000000.0,0.0,5.0,0.0,,,3000000000.0,250000000.0,-9.0,,,0.0,0.0,0.0,20.0,70.0,100.0,9000000000.0,0.0,0.0
599120.0,1336.0,,,,,2.0,,60.0,2500000000.0,1.0,1.0,0.0,,,500000000.0,30000000.0,-9.0,,,0.0,0.0,0.0,6.0,0.0,50.0,1500000000.0,0.0,0.0
599121.0,1343.0,,,,,2.0,,98.0,40000000000.0,2.0,0.0,0.0,4000000000.0,,18000000000.0,2000000000.0,-9.0,,,10000000000.0,0.0,0.0,15.0,50.0,40.0,39200000000.0,10000000000.0,5000000000.0
599122.0,1354.0,,,,,2.0,,70.0,32780000000.0,0.0,0.0,0.0,200000000.0,,983000000.0,20000000.0,-9.0,,,0.0,0.0,0.0,20.0,10.0,10.0,22946000000.0,0.0,0.0
599124.0,1359.0,,,,,2.0,,70.0,55000000000.0,0.0,0.0,0.0,,,4310000000.0,70000000.0,-9.0,,,1000000000.0,-9.0,0.0,22.0,70.0,70.0,38500000000.0,999999991.0,699999993.6999999
599125.0,1365.0,,,,,2.0,,50.0,40000000000.0,0.0,0.0,0.0,,,2000000000.0,-9.0,-9.0,,,0.0,0.0,0.0,20.0,90.0,50.0,20000000000.0,0.0,0.0
599126.0,1369.0,,,,,2.0,,100.0,15000000000.0,1.0,1.0,0.0,,,1080000000.0,12000000.0,-9.0,,,0.0,0.0,0.0,15.0,0.0,60.0,15000000000.0,0.0,0.0
599127.0,1370.0,,,,,2.0,,95.0,22000000000.0,0.0,0.0,0.0,,,1440000000.0,50000000.0,-9.0,,,650000000.0,-9.0,0.0,21.0,0.0,50.0,20900000000.0,649999991.0,0.0
599128.0,1373.0,,,,,2.0,,30.0,12000000000.0,0.0,0.0,0.0,1000000000.0,,1500000000.0,60000000.0,8500000000.0,,,0.0,0.0,0.0,5.0,30.0,15.0,3600000000.0,0.0,0.0
599129.0,1379.0,,,,,2.0,-9.0,100.0,53000000000.0,0.0,0.0,0.0,45000000.0,,3500000000.0,40000000.0,49500.0,,,0.0,0.0,0.0,35.0,50.0,70.0,53000000000.0,0.0,0.0
599130.0,1382.0,,,,,2.0,,50.0,18000000000.0,0.0,1.0,0.0,,,3000000000.0,-9.0,1780000000.0,,,0.0,0.0,0.0,27.0,50.0,70.0,9000000000.0,0.0,0.0
599131.0,1383.0,,,,,2.0,,65.0,25200000000.0,0.0,0.0,600000000.0,40000000.0,,2400000000.0,60000000.0,4500000000.0,,,0.0,0.0,600000000.0,25.0,30.0,80.0,16380000000.0,600000000.0,180000000.0
599132.0,1390.0,,,,,2.0,,80.0,14000000000.0,0.0,0.0,0.0,,,150000000.0,54000000.0,-9.0,,,0.0,0.0,0.0,22.0,0.0,0.0,11200000000.0,0.0,0.0
599133.0,1391.0,,,,,2.0,,80.0,2000000000.0,0.0,0.0,0.0,,,1560000000.0,22000000.0,9999000000.0,,,0.0,0.0,0.0,15.0,100.0,80.0,1600000000.0,0.0,0.0
599134.0,1399.0,,,,,2.0,,60.0,40000000000.0,0.0,0.0,55000000.0,,,500000000.0,100000000.0,15000000000.0,,,3000000000.0,0.0,55000000.0,15.0,10.0,50.0,24000000000.0,3055000000.0,305500000.0
599136.0,1402.0,,,,,2.0,,100.0,10000000000.0,0.0,0.0,0.0,,,1560000000.0,30000000.0,-9.0,,,8000000000.0,0.0,0.0,25.0,0.0,100.0,10000000000.0,8000000000.0,0.0
599137.0,1404.0,,,,,2.0,,100.0,-9.0,0.0,0.0,0.0,,,-9.0,-9.0,-9.0,,,2000000000.0,0.0,0.0,25.0,0.0,100.0,-9.0,2000000000.0,0.0
599138.0,1407.0,,,,,2.0,,100.0,4000000000.0,0.0,0.0,0.0,,,1800000000.0,30000000.0,-9.0,,,0.0,0.0,0.0,20.0,0.0,0.0,4000000000.0,0.0,0.0
599143.0,1428.0,,,,,2.0,,70.0,21000000000.0,0.0,0.0,0.0,72000000.0,,2000000000.0,100000000.0,,1200000000.0,100000000.0,3000000000.0,0.0,0.0,25.0,0.0,0.0,14700000000.0,3000000000.0,0.0
599144.0,1431.0,,,,,2.0,150000000.0,100.0,80000000000.0,0.0,0.0,50000000.0,15000000.0,10000000.0,2000000000.0,800000000.0,,20000000000.0,500000000.0,3000000000.0,0.0,50000000.0,26.0,0.0,50.0,80000000000.0,3050000000.0,0.0
599145.0,1433.0,,,,,2.0,,37.0,14000000000.0,0.0,0.0,0.0,1650000000.0,,750000000.0,1100000000.0,,2600000000.0,60000000.0,1100000000.0,0.0,0.0,20.0,0.0,0.0,5180000000.0,1100000000.0,0.0
599147.0,1446.0,,,,,2.0,,40.0,70000000000.0,0.0,0.0,30000000.0,2650000000.0,,2230000000.0,2800000000.0,,-9.0,2300000000.0,20000000000.0,0.0,30000000.0,30.0,0.0,20.0,28000000000.0,20030000000.0,0.0
599148.0,1455.0,,,,,2.0,,100.0,4000000000.0,2.0,5.0,100000000.0,,,600000000.0,150000000.0,,1000000000.0,100000000.0,200000000.0,0.0,100000000.0,20.0,10.0,80.0,4000000000.0,300000000.0,30000000.0
599150.0,1460.0,,,,,2.0,,100.0,12000000000.0,0.0,0.0,0.0,,,1400000000.0,120000000.0,,12000000000.0,-9.0,0.0,0.0,0.0,35.0,0.0,70.0,12000000000.0,0.0,0.0
599152.0,1464.0,,,,,2.0,0.0,70.0,1100000000.0,0.0,1.0,0.0,,,330000000.0,30000000.0,,440000000.0,5000000.0,38000000.0,0.0,0.0,5.0,50.0,100.0,770000000.0,38000000.0,19000000.0
599153.0,1465.0,,,,,2.0,,95.0,7000000000.0,0.0,0.0,350000000000000.0,,,3500000000.0,240000000.0,,-9.0,120000000.0,1500000000.0,0.0,350000000000000.0,20.0,0.0,15.0,6650000000.0,350001500000000.0,0.0
599157.0,1480.0,,,,,2.0,,92.0,1500000000.0,0.0,0.0,0.0,,,75000000.0,85000000.0,,-9.0,-9.0,0.0,0.0,0.0,30.0,0.0,100.0,1380000000.0,0.0,0.0
599159.0,1487.0,,,,,2.0,,70.0,11000000000.0,0.0,0.0,550000000.0,150000000.0,650000000.0,1800000000.0,120000000.0,,7000000000.0,-9.0,300000000.0,1600000000.0,550000000.0,31.0,80.0,50.0,7700000000.0,2450000000.0,1960000000.0
599160.0,1490.0,,,,,2.0,,-9.0,4000000000.0,0.0,3.0,15000000.0,36000000.0,,105000000.0,26000000.0,,1000000000.0,16000000.0,500000000.0,250000000.0,15000000.0,25.0,-9.0,-9.0,-360000000.0,765000000.0,-68850000.0
599166.0,1502.0,,,,,2.0,,80.0,8700000000.0,0.0,0.0,0.0,15000000.0,,750000000.0,3000000000.0,,3800000000.0,-9.0,0.0,0.0,0.0,15.0,0.0,5.0,6960000000.0,0.0,0.0
599170.0,1530.0,,,,,2.0,40000000.0,75.0,68000000000.0,0.0,0.0,0.0,1200000000.0,,15000000000.0,1200000000.0,,18000000000.0,2000000000.0,0.0,0.0,0.0,26.0,70.0,99.0,51000000000.0,0.0,0.0
599171.0,1532.0,,,,,2.0,,100.0,3000000000.0,0.0,1.0,0.0,100000000.0,,500000000.0,18000000.0,,400000000.0,100000000.0,0.0,0.0,0.0,25.0,20.0,30.0,3000000000.0,0.0,0.0
599173.0,1544.0,,,,,2.0,50000000.0,70.0,54000000000.0,0.0,0.0,0.0,120000000.0,,-9.0,1500000000.0,,45000000000.0,300000000.0,1300000000.0,0.0,0.0,12.0,30.0,70.0,37800000000.0,1300000000.0,390000000.0
599175.0,1552.0,,,,,2.0,,70.0,12000000000.0,0.0,0.0,0.0,,,2500000000.0,600000000.0,,4000000000.0,500000000.0,2000000000.0,0.0,0.0,25.0,30.0,50.0,8400000000.0,2000000000.0,600000000.0
599176.0,1559.0,,,,,2.0,,50.0,7000000000.0,0.0,0.0,0.0,360000000.0,,750000000.0,54000000.0,,-9.0,126000000.0,35000000.0,0.0,0.0,24.0,0.0,60.0,3500000000.0,35000000.0,0.0
599177.0,1560.0,,,,,2.0,,100.0,5230000000.0,0.0,0.0,0.0,,,920000000.0,70000000.0,,3700000000.0,-9.0,156000000.0,0.0,0.0,24.0,100.0,70.0,5230000000.0,156000000.0,156000000.0
599178.0,1563.0,,,,,2.0,,30.0,4000000000.0,0.0,0.0,0.0,,,800000000.0,12000000.0,9000000000.0,,,400000000.0,0.0,0.0,12.0,100.0,50.0,1200000000.0,400000000.0,400000000.0
599179.0,1575.0,,,,,2.0,,100.0,10000000000.0,10.0,0.0,10000000.0,100000000.0,,3000000000.0,30000000.0,-9.0,,,10000000000.0,0.0,10000000.0,15.0,50.0,20.0,10000000000.0,10010000000.0,5005000000.0
599181.0,1582.0,,,,,2.0,,100.0,52000000000.0,0.0,0.0,0.0,100000000.0,,-9.0,28000000.0,1378.0,,,0.0,0.0,0.0,-9.0,20.0,25.0,52000000000.0,0.0,0.0
599182.0,1585.0,,,,,2.0,,100.0,310000000.0,0.0,0.0,0.0,36000000.0,,180000000.0,10000000.0,200000000.0,,,0.0,0.0,0.0,12.0,0.0,100.0,310000000.0,0.0,0.0
599184.0,1598.0,,,,,2.0,5000000.0,-9.0,45000000000.0,0.0,0.0,0.0,36000000.0,,500000000.0,36000000.0,15000000000.0,,,30000000000.0,0.0,0.0,25.0,0.0,10.0,-4050000000.0,30000000000.0,0.0
599185.0,1606.0,,,,,2.0,,100.0,14000000000.0,0.0,0.0,0.0,,,912000000.0,36000000.0,11500.0,,,0.0,0.0,0.0,19.0,0.0,70.0,14000000000.0,0.0,0.0
599186.0,1607.0,,,,,2.0,15000000.0,100.0,1000000000.0,0.0,0.0,0.0,400000000.0,,680000000.0,120000000.0,1000000000.0,,,0.0,0.0,0.0,12.0,60.0,0.0,1000000000.0,0.0,0.0
599187.0,1610.0,,,,,2.0,-9.0,100.0,3000000000.0,0.0,0.0,0.0,,,1500000000.0,100000000.0,-9.0,,,0.0,0.0,0.0,15.0,-9.0,-9.0,3000000000.0,0.0,-0.0
599188.0,1611.0,,,,,2.0,100000000.0,90.0,12000000000.0,0.0,0.0,100000000.0,,50000000.0,500000000.0,360000000.0,-9.0,,,1000000000.0,0.0,100000000.0,30.0,20.0,80.0,10800000000.0,1100000000.0,220000000.0
599192.0,1636.0,,,,,2.0,,100.0,65120000000.0,0.0,0.0,0.0,,,80000000.0,50000000.0,,15000000000.0,50000000.0,0.0,0.0,0.0,22.0,100.0,100.0,65120000000.0,0.0,0.0
599194.0,1648.0,,,,,2.0,,100.0,1000000000.0,0.0,0.0,2000000000.0,120000000.0,,144000000.0,30000000.0,,600000000.0,25000000.0,0.0,0.0,2000000000.0,15.0,0.0,20.0,1000000000.0,2000000000.0,0.0
599200.0,1689.0,,,,,2.0,,70.0,700000000.0,0.0,-7.0,0.0,,,350000000.0,40000000.0,,70000000.0,50000000.0,0.0,0.0,0.0,6.0,50.0,100.0,490000000.0,0.0,0.0
599202.0,1701.0,,,,,1.0,,80.0,10000000000.0,0.0,0.0,0.0,,,3000000000.0,200000000.0,,3000000000.0,500000000.0,0.0,0.0,0.0,80.0,100.0,100.0,8000000000.0,0.0,0.0
599203.0,1703.0,,,,,2.0,,100.0,5000000000.0,0.0,0.0,0.0,,,500000000.0,50000000.0,,3000000000.0,10000000.0,0.0,0.0,0.0,10.0,20.0,50.0,5000000000.0,0.0,0.0
599206.0,1712.0,,,,,2.0,,60.0,5000000000.0,0.0,0.0,0.0,100000000.0,,-9.0,-9.0,,-9.0,-9.0,200000000.0,-9.0,0.0,20.0,50.0,100.0,3000000000.0,199999991.0,99999995.5
599208.0,1715.0,,,,,2.0,,100.0,41000000000.0,0.0,0.0,0.0,,,410000000.0,20000000.0,38000000000.0,,,0.0,0.0,0.0,6.0,60.0,0.0,41000000000.0,0.0,0.0
599217.0,1757.0,,,,,2.0,,20.0,100000000000.0,0.0,0.0,0.0,,,80000000.0,200000000.0,-9.0,,,0.0,0.0,0.0,20.0,70.0,50.0,20000000000.0,0.0,0.0
599218.0,1770.0,,,,,2.0,,100.0,260000000000.0,0.0,0.0,0.0,,,50000000.0,100000000.0,-9.0,,,0.0,0.0,0.0,5.0,0.0,0.0,260000000000.0,0.0,0.0
599220.0,1794.0,,,,,2.0,,100.0,15000000000.0,0.0,0.0,0.0,,,3000000000.0,100000000.0,,9750000000.0,10000000.0,0.0,0.0,0.0,25.0,0.0,100.0,15000000000.0,0.0,0.0
599221.0,1795.0,,,,,2.0,,100.0,-9.0,0.0,0.0,0.0,,,-9.0,-9.0,,-9.0,-9.0,0.0,0.0,0.0,21.0,-9.0,-9.0,-9.0,0.0,-0.0
599222.0,1804.0,,,,,2.0,,90.0,3500000000.0,0.0,0.0,0.0,,,600000000.0,100000000.0,,700000000.0,100000000.0,0.0,0.0,0.0,30.0,50.0,50.0,3150000000.0,0.0,0.0
599223.0,1812.0,,,,,2.0,,80.0,2000000000.0,0.0,5.0,30000000.0,,,300000000.0,25000000.0,,1500000000.0,5000000.0,0.0,0.0,30000000.0,5.0,50.0,30.0,1600000000.0,30000000.0,15000000.0
599224.0,1813.0,,,,,2.0,,70.0,23000000000.0,0.0,0.0,0.0,,,3000000000.0,216000000.0,,15400000000.0,200000000.0,2000000000.0,0.0,0.0,25.0,0.0,0.0,16100000000.0,2000000000.0,0.0
599226.0,1831.0,,,,,2.0,,100.0,15000000000.0,0.0,0.0,0.0,,,1080000000.0,6000000.0,,650000000.0,600000000.0,0.0,0.0,0.0,10.0,70.0,40.0,15000000000.0,0.0,0.0
599228.0,1836.0,,,,,2.0,,80.0,56000000000.0,0.0,0.0,5600000000.0,,,18000000000.0,120000000.0,-9.0,,,5000000000.0,0.0,5600000000.0,20.0,50.0,0.0,44800000000.0,10600000000.0,5300000000.0
599229.0,1837.0,,,,,2.0,,80.0,4000000000.0,0.0,0.0,0.0,,,840000000.0,6000000.0,-9.0,,,250000000.0,0.0,0.0,10.0,30.0,100.0,3200000000.0,250000000.0,75000000.0
599230.0,1841.0,,,,,2.0,,95.0,27000000000.0,0.0,0.0,0.0,,,-9.0,-9.0,-9.0,,,1000000000.0,0.0,0.0,15.0,-9.0,100.0,25650000000.0,1000000000.0,-90000000.0
599231.0,1861.0,,,,,2.0,,100.0,7000000000.0,0.0,0.0,0.0,60000000.0,,650000000.0,480000000.0,,6000000000.0,120000000.0,800000000.0,300000000.0,0.0,7.0,30.0,90.0,7000000000.0,1100000000.0,330000000.0
599233.0,1872.0,,,,,2.0,,100.0,225000000000.0,0.0,0.0,0.0,,,2000000000.0,800000000.0,-9.0,,,0.0,0.0,0.0,30.0,0.0,50.0,225000000000.0,0.0,0.0
599234.0,1883.0,,,,,2.0,,100.0,-9.0,0.0,0.0,0.0,150000000.0,,-9.0,-9.0,,-9.0,-9.0,300000000.0,0.0,0.0,20.0,0.0,80.0,-9.0,300000000.0,0.0
599236.0,1889.0,,,,,2.0,,100.0,2000000000.0,0.0,0.0,0.0,,,600000000.0,1000000000.0,,200000000.0,350000000.0,0.0,0.0,0.0,9.0,0.0,50.0,2000000000.0,0.0,0.0
599239.0,1898.0,,,,,2.0,,100.0,330000000.0,0.0,0.0,0.0,,,290000000.0,3000000.0,,-9.0,15000000.0,0.0,0.0,0.0,6.0,80.0,0.0,330000000.0,0.0,0.0
599241.0,1908.0,,,,,2.0,,92.0,1100000000.0,0.0,0.0,0.0,,,425000000.0,250000000.0,,200000000.0,-9.0,0.0,0.0,0.0,15.0,50.0,50.0,1012000000.0,0.0,0.0
599242.0,1914.0,,,,,2.0,,100.0,12000000000.0,0.0,0.0,0.0,,,4500000000.0,3000000000.0,,430000000.0,1000000000.0,2000000000.0,0.0,0.0,17.0,30.0,20.0,12000000000.0,2000000000.0,600000000.0
599249.0,1937.0,,,,,2.0,,100.0,1700000000.0,0.0,0.0,0.0,112000000.0,,1200000000.0,40000000.0,,40000000.0,30000000.0,300000000.0,0.0,0.0,35.0,-9.0,-9.0,1700000000.0,300000000.0,-27000000.0
599252.0,1943.0,,,,,2.0,,100.0,500000000.0,0.0,0.0,0.0,,,150000000.0,100000000.0,,100000000.0,-9.0,0.0,0.0,0.0,25.0,0.0,0.0,500000000.0,0.0,0.0
599259.0,1984.0,,,,,2.0,,100.0,1000000000.0,0.0,5.0,0.0,,200000000.0,800000000.0,400000000.0,,100000000.0,500000000.0,850000000.0,0.0,0.0,35.0,0.0,0.0,1000000000.0,850000000.0,0.0
599261.0,2006.0,,,,,2.0,,95.0,6700000000.0,0.0,0.0,0.0,39000000.0,,1500000000.0,96000000.0,-9.0,,,300000000.0,0.0,0.0,26.0,50.0,30.0,6365000000.0,300000000.0,150000000.0
599262.0,2012.0,,,,,2.0,,98.0,24000000000.0,0.0,0.0,0.0,1200000000.0,,1247000000.0,120000000.0,,9247000000.0,40000000.0,100000000.0,0.0,0.0,28.0,35.0,30.0,23520000000.0,100000000.0,35000000.0
599263.0,2014.0,,,,,2.0,,100.0,25320000000.0,2.0,0.0,60000000.0,235000000.0,,2151000000.0,420000000.0,,10580000000.0,84000000.0,500000000.0,0.0,60000000.0,28.0,70.0,100.0,25320000000.0,560000000.0,392000000.0
599264.0,2018.0,,,,,2.0,,70.0,6000000000.0,0.0,0.0,0.0,,,1152000000.0,18000000.0,,4000000000.0,40000000.0,350000000.0,0.0,0.0,5.0,0.0,0.0,4200000000.0,350000000.0,0.0
599266.0,2032.0,,,,,2.0,,80.0,16000000000.0,0.0,0.0,0.0,,,1500000000.0,120000000.0,,7600000000.0,50000000.0,400000000.0,0.0,0.0,23.0,70.0,70.0,12800000000.0,400000000.0,280000000.0
599269.0,2037.0,,,,,2.0,,100.0,12090000000.0,0.0,0.0,0.0,,,2000000000.0,10000000.0,-9.0,,,1200000000.0,0.0,0.0,22.0,10.0,20.0,12090000000.0,1200000000.0,120000000.0
599270.0,2041.0,,,,,2.0,,100.0,10000000000.0,0.0,0.0,0.0,1500000000.0,,3000000000.0,150000000.0,-9.0,,,0.0,0.0,0.0,30.0,20.0,0.0,10000000000.0,0.0,0.0
599272.0,2060.0,,,,,2.0,,50.0,65000000000.0,0.0,0.0,0.0,,,780000000.0,-9.0,60000.0,,,0.0,0.0,0.0,15.0,0.0,70.0,32500000000.0,0.0,0.0
599273.0,2064.0,,,,,2.0,,90.0,13000000000.0,0.0,0.0,0.0,96000000.0,15000000.0,560000000.0,45000000.0,11000000000.0,,,0.0,0.0,0.0,15.0,30.0,30.0,11700000000.0,0.0,0.0
599301.0,2218.0,,,,,2.0,,40.0,40000000000.0,0.0,0.0,1200000000.0,,,6000000000.0,200000000.0,,24000000000.0,400000000.0,2000000000.0,-9.0,1200000000.0,30.0,0.0,10.0,16000000000.0,3199999991.0,0.0
599309.0,2262.0,,,,,3.0,,100.0,2000000000.0,-7.0,0.0,0.0,250000000.0,,1700000000.0,20000000.0,-9.0,,,0.0,0.0,0.0,5.0,0.0,5.0,2000000000.0,0.0,0.0
599313.0,2278.0,,,,,3.0,,80.0,1000000000.0,0.0,0.0,0.0,100000000.0,,700000000.0,60000000.0,-9.0,,,0.0,0.0,0.0,10.0,50.0,50.0,800000000.0,0.0,0.0
599321.0,2331.0,,,,,3.0,,100.0,1000000000.0,1.0,3.0,0.0,,,650000000.0,-9.0,,80000000.0,200000000.0,0.0,0.0,0.0,8.0,10.0,30.0,1000000000.0,0.0,0.0
599339.0,2420.0,,,,,3.0,,70.0,41000000000.0,0.0,0.0,0.0,,,2100000000.0,450000000.0,,33200000000.0,800000000.0,500000000.0,0.0,0.0,6.0,50.0,100.0,28700000000.0,500000000.0,250000000.0
599344.0,2447.0,,,,,3.0,,100.0,15720000000.0,0.0,0.0,0.0,60000000.0,,920500000.0,7000000.0,,9190000000.0,14000000.0,600000000.0,0.0,0.0,21.0,25.0,70.0,15720000000.0,600000000.0,150000000.0
599346.0,2449.0,,,,,3.0,,90.0,600000000.0,0.0,0.0,0.0,70000000.0,,108000000.0,70000000.0,,350000000.0,12000000.0,70000000.0,0.0,0.0,22.0,100.0,80.0,540000000.0,70000000.0,70000000.0
599347.0,2451.0,,,,,3.0,,51.0,5230000000.0,0.0,0.0,0.0,,,1900000000.0,50000000.0,2060.0,,,0.0,0.0,0.0,13.0,0.0,8.0,2667300000.0,0.0,0.0
599350.0,2460.0,,,,,3.0,,95.0,49000000000.0,0.0,2.0,0.0,,,20000000000.0,100000000.0,41120000000.0,,,500000000.0,0.0,0.0,20.0,50.0,50.0,46550000000.0,500000000.0,250000000.0
599353.0,2468.0,,,,,3.0,,80.0,15000000000.0,0.0,0.0,0.0,,,12000000000.0,-9.0,,-9.0,-9.0,400000000.0,0.0,0.0,18.0,0.0,30.0,12000000000.0,400000000.0,0.0
599355.0,2476.0,,,,,3.0,,5.0,21000000000.0,1.0,1.0,0.0,1000000000.0,,1000000000.0,2000000000.0,-9.0,,,2000000000.0,50000000.0,0.0,15.0,20.0,20.0,1050000000.0,2050000000.0,410000000.0
599365.0,2527.0,,,,,3.0,,99.0,36000000000.0,0.0,0.0,0.0,48000000.0,,2100000000.0,600000000.0,,24000000000.0,-9.0,0.0,0.0,0.0,35.0,40.0,100.0,35640000000.0,0.0,0.0
599381.0,2607.0,,,,,3.0,,100.0,18000000000.0,-7.0,0.0,0.0,12000000000.0,200000000.0,10800000000.0,8400000000.0,,5000000000.0,800000000.0,-9.0,0.0,0.0,36.0,100.0,100.0,18000000000.0,-9.0,-9.0
599385.0,2644.0,,,,,3.0,,100.0,80000000000.0,0.0,0.0,0.0,,,400000000.0,20000000.0,-9.0,,,0.0,0.0,0.0,20.0,20.0,50.0,80000000000.0,0.0,0.0
599386.0,2646.0,,,,,3.0,,85.0,38000000000.0,0.0,1.0,10000000000000.0,,,9000000000.0,-9.0,,33000000000.0,-9.0,300000000.0,1500000000.0,10000000000000.0,-9.0,80.0,95.0,32300000000.0,10001800000000.0,8001440000000.0
599394.0,2675.0,,,,,3.0,,80.0,3000000000.0,0.0,1.0,0.0,,,400000000.0,100000000.0,,2000000000.0,20000000.0,0.0,0.0,0.0,20.0,10.0,50.0,2400000000.0,0.0,0.0
599401.0,2725.0,,,,,3.0,,100.0,22000000000.0,0.0,0.0,0.0,,,837000000.0,3000000.0,-9.0,,,0.0,0.0,0.0,-9.0,0.0,0.0,22000000000.0,0.0,0.0
599404.0,2742.0,,,,,3.0,,100.0,53700000.0,0.0,0.0,0.0,,,30000000.0,24000000.0,-9.0,,,0.0,0.0,0.0,6.0,100.0,100.0,53700000.0,0.0,0.0
599429.0,2896.0,,,,,3.0,,100.0,10710000000.0,0.0,0.0,0.0,,,1532000000.0,12000000.0,-9.0,,,0.0,0.0,0.0,13.0,100.0,100.0,10710000000.0,0.0,0.0
599430.0,2903.0,,,,,3.0,,80.0,5000000000.0,0.0,0.0,0.0,,,900000000.0,500000000.0,-9.0,,,-9.0,-9.0,0.0,20.0,50.0,10.0,4000000000.0,-18.0,-9.0
599730.0,11093.0,,,,,1.0,,95.0,995000000.0,0.0,0.0,0.0,70000000.0,,600000000.0,40000000.0,,-9.0,-9.0,0.0,0.0,0.0,9.0,-9.0,-9.0,945250000.0,0.0,-0.0
599731.0,11121.0,,,,,1.0,,50.0,3000000000.0,0.0,0.0,0.0,,,500000000.0,120000000.0,,2100000000.0,100000000.0,0.0,0.0,0.0,15.0,80.0,80.0,1500000000.0,0.0,0.0
599732.0,11218.0,,,,,1.0,,100.0,14000000000.0,0.0,1.0,100000000.0,100000000.0,30000000.0,4500000000.0,200000000.0,,7000000000.0,-9.0,100000000.0,-9.0,100000000.0,15.0,20.0,50.0,14000000000.0,199999991.0,39999998.2
599733.0,11240.0,,,,,2.0,,100.0,30000000000.0,0.0,0.0,0.0,2000000000.0,,3000000000.0,100000000.0,,14000000000.0,0.0,0.0,0.0,0.0,30.0,0.0,70.0,30000000000.0,0.0,0.0
599734.0,11247.0,,,,,1.0,,60.0,27000000000.0,0.0,0.0,0.0,50000000.0,,2000000000.0,1000000000.0,,22000000000.0,1000000000.0,1500000000.0,-9.0,0.0,44.0,20.0,30.0,16200000000.0,1499999991.0,299999998.2
599735.0,11325.0,,,,,1.0,,100.0,11550000000.0,0.0,0.0,0.0,12000000.0,,327000000.0,24000000.0,-9.0,,,0.0,0.0,0.0,6.0,0.0,50.0,11550000000.0,0.0,0.0
599736.0,11335.0,,,,,1.0,,80.0,5000000000.0,0.0,0.0,20000000.0,30000000.0,,1230000000.0,16000000.0,4510000000.0,,,400000000.0,-9.0,20000000.0,15.0,1.0,0.0,4000000000.0,419999991.0,4199999.91
599737.0,11393.0,,,,,1.0,,100.0,32740000000.0,0.0,0.0,0.0,,,920000000.0,258000000.0,,25670000000.0,311000000.0,0.0,0.0,0.0,8.0,50.0,50.0,32740000000.0,0.0,0.0
599738.0,11409.0,,,,,1.0,150000000.0,70.0,13000000000.0,2.0,0.0,0.0,250000000.0,10000000.0,-9.0,-9.0,,-9.0,-9.0,2000000000.0,0.0,0.0,30.0,40.0,100.0,9100000000.0,2000000000.0,800000000.0
599739.0,11454.0,,,,,1.0,,10.0,2000000000.0,0.0,1.0,0.0,100000000.0,,360000000.0,25000000.0,,350000000.0,250000000.0,0.0,0.0,0.0,17.0,30.0,30.0,200000000.0,0.0,0.0
599740.0,11499.0,,,,,1.0,,100.0,2800000000.0,0.0,5.0,20000000.0,40000000.0,,500000000.0,50000000.0,,200000000.0,-9.0,500000000.0,-9.0,20000000.0,12.0,50.0,50.0,2800000000.0,519999991.0,259999995.5
599741.0,11533.0,,,,,1.0,50000000.0,100.0,3000000000.0,2.0,0.0,0.0,,20000000.0,1000000000.0,100000000.0,-9.0,,,0.0,0.0,0.0,6.0,20.0,100.0,3000000000.0,0.0,0.0
599742.0,11537.0,,,,,1.0,,100.0,45000000000.0,0.0,0.0,0.0,600000000.0,,702000000.0,400000000.0,,108000000.0,0.0,0.0,0.0,0.0,9.0,0.0,100.0,45000000000.0,0.0,0.0
599743.0,11543.0,,,,,1.0,,100.0,950000000.0,0.0,0.0,0.0,,,350000000.0,-9.0,-9.0,,,0.0,0.0,0.0,7.0,-9.0,-9.0,950000000.0,0.0,-0.0
599744.0,11551.0,,,,,1.0,,60.0,2000000000.0,0.0,0.0,0.0,,,700000000.0,230000000.0,-9.0,,,0.0,0.0,0.0,-9.0,0.0,0.0,1200000000.0,0.0,0.0
599745.0,11569.0,,,,,1.0,,100.0,1600000000.0,0.0,0.0,0.0,,,144000000.0,10000000.0,,14000000.0,10000000.0,0.0,0.0,0.0,5.0,0.0,0.0,1600000000.0,0.0,0.0
599746.0,11577.0,,,,,1.0,,100.0,24000000000.0,0.0,0.0,0.0,,,12000000000.0,200000000.0,,5500000000.0,200000000.0,800000000.0,0.0,0.0,100.0,20.0,20.0,24000000000.0,800000000.0,160000000.0
599747.0,11670.0,,,,,1.0,,100.0,1000000000.0,0.0,0.0,0.0,,,250000000.0,20000000.0,,-9.0,-9.0,50000000.0,0.0,0.0,5.0,0.0,100.0,1000000000.0,50000000.0,0.0
599748.0,11673.0,,,,,1.0,,100.0,80000000000.0,0.0,0.0,0.0,,,80000000.0,50000000.0,-9.0,,,0.0,0.0,0.0,5.0,80.0,50.0,80000000000.0,0.0,0.0
599749.0,11748.0,,,,,1.0,,80.0,4000000000.0,-9.0,8.0,0.0,90000000.0,,2200000000.0,150000000.0,,-9.0,-9.0,100000000.0,-9.0,0.0,11.0,10.0,40.0,3200000000.0,99999991.0,9999999.1
599750.0,11843.0,,,,,1.0,,95.0,2000000000.0,0.0,0.0,0.0,,,600000000.0,15000000.0,,800000000.0,-9.0,100000000.0,-9.0,0.0,6.0,30.0,70.0,1900000000.0,99999991.0,29999997.3
599751.0,11901.0,,,,,1.0,,100.0,100000000000.0,0.0,0.0,0.0,,,180000000.0,100000000.0,-9.0,,,0.0,0.0,0.0,10.0,50.0,90.0,100000000000.0,0.0,0.0
599752.0,12013.0,,,,,1.0,,100.0,7600000000.0,0.0,5.0,-9.0,,,2200000000.0,-9.0,,950000000.0,600000000.0,40000000.0,0.0,-9.0,15.0,0.0,80.0,7600000000.0,39999991.0,0.0
599753.0,12014.0,,,,,1.0,,100.0,600000000.0,0.0,0.0,0.0,,,600000000.0,60000000.0,,-9.0,-9.0,500000000.0,0.0,0.0,13.0,50.0,50.0,600000000.0,500000000.0,250000000.0
599754.0,12032.0,,,,,1.0,,100.0,1000000000.0,0.0,1.0,0.0,,,200000000.0,60000000.0,,400000000.0,500000000.0,0.0,0.0,0.0,15.0,100.0,100.0,1000000000.0,0.0,0.0
599755.0,12041.0,,,,,1.0,15000000.0,60.0,2000000000.0,0.0,3.0,60000000.0,,40000000.0,100000000.0,100000000.0,,1000000000.0,150000000.0,450000000.0,0.0,60000000.0,18.0,0.0,100.0,1200000000.0,510000000.0,0.0
599756.0,12062.0,,,,,1.0,,100.0,7000000000.0,0.0,0.0,0.0,600000000.0,,2000000000.0,70000000.0,,2800000000.0,-9.0,0.0,0.0,0.0,17.0,0.0,50.0,7000000000.0,0.0,0.0
599757.0,12077.0,,,,,1.0,,80.0,3000000000.0,0.0,0.0,0.0,,,700000000.0,150000000.0,,120000000.0,400000000.0,100000000.0,1000000000.0,0.0,12.0,0.0,50.0,2400000000.0,1100000000.0,0.0
599758.0,12085.0,,,,,1.0,,70.0,3000000000.0,0.0,0.0,0.0,,,-9.0,-9.0,,-9.0,-9.0,5000000000.0,8000000000.0,0.0,10.0,0.0,80.0,2100000000.0,13000000000.0,0.0
599759.0,12152.0,,,,,1.0,,-9.0,2000000000.0,0.0,0.0,0.0,,,600000000.0,60000000.0,700000000.0,,,0.0,0.0,0.0,5.0,0.0,80.0,-180000000.0,0.0,0.0
599760.0,12174.0,,,,,1.0,,70.0,3500000000.0,-9.0,-9.0,0.0,60000000.0,20000000.0,1500000000.0,25000000.0,-9.0,,,100000000.0,-9.0,0.0,18.0,0.0,70.0,2450000000.0,99999991.0,0.0
599761.0,12202.0,,,,,1.0,,100.0,80000000000.0,0.0,0.0,0.0,,,50000000.0,30000000.0,-9.0,,,0.0,0.0,0.0,5.0,70.0,70.0,80000000000.0,0.0,0.0
599762.0,12204.0,,,,,1.0,,80.0,35760000000.0,0.0,0.0,0.0,25000000.0,,840000000.0,72000000.0,34900000000.0,,,121000000.0,-9.0,0.0,10.0,30.0,30.0,28608000000.0,120999991.0,36299997.3
599763.0,12248.0,,,,,1.0,,100.0,6000000000.0,0.0,0.0,0.0,176000000.0,,600000000.0,24000000.0,-9.0,,,0.0,0.0,0.0,12.0,100.0,30.0,6000000000.0,0.0,0.0
599764.0,12297.0,,,,,1.0,,80.0,20000000000.0,0.0,2.0,0.0,,,1000000000.0,24000000.0,-9.0,,,400000000.0,-9.0,0.0,12.0,-9.0,70.0,16000000000.0,399999991.0,-35999999.19
599765.0,12326.0,,,,,1.0,,100.0,1300000000.0,0.0,0.0,0.0,,,670000000.0,60000000.0,-9.0,,,0.0,0.0,0.0,10.0,0.0,50.0,1300000000.0,0.0,0.0
599766.0,12393.0,,,,,1.0,,100.0,13000000000.0,0.0,0.0,0.0,,,1000000000.0,2000000.0,-9.0,,,0.0,0.0,0.0,7.0,30.0,50.0,13000000000.0,0.0,0.0
599767.0,12459.0,,,,,1.0,,95.0,140000000.0,0.0,0.0,0.0,,,15000000.0,20000000.0,80000000.0,,,1200000000.0,-9.0,0.0,5.0,30.0,-9.0,133000000.0,1199999991.0,359999997.3
599768.0,12463.0,,,,,1.0,6000000.0,100.0,15000000000.0,0.0,0.0,0.0,840000000.0,,1800000000.0,60000000.0,,4500000000.0,120000000.0,0.0,0.0,0.0,19.0,0.0,50.0,15000000000.0,0.0,0.0
599769.0,12473.0,,,,,1.0,,100.0,40000000000.0,-9.0,-9.0,3000000000.0,200000000.0,,-9.0,500000000.0,-9.0,,,1700000000.0,3000000000.0,3000000000.0,50.0,10.0,30.0,40000000000.0,7700000000.0,770000000.0
599770.0,12536.0,,,,,1.0,,100.0,2000000000.0,0.0,0.0,0.0,,,600000000.0,30000000.0,-9.0,,,0.0,0.0,0.0,5.0,80.0,100.0,2000000000.0,0.0,0.0
599771.0,12549.0,,,,,1.0,,100.0,89000000000.0,0.0,0.0,0.0,,,860000000.0,300000000.0,-9.0,,,0.0,0.0,0.0,12.0,100.0,100.0,89000000000.0,0.0,0.0
599772.0,12630.0,,,,,1.0,,100.0,10000000000.0,0.0,0.0,0.0,,,150000000.0,30000000.0,-9.0,,,0.0,0.0,0.0,5.0,0.0,0.0,10000000000.0,0.0,0.0
599773.0,12631.0,,,,,1.0,,100.0,5500000000.0,0.0,0.0,0.0,,,2000000000.0,10000000.0,-9.0,,,50000000.0,0.0,0.0,13.0,0.0,100.0,5500000000.0,50000000.0,0.0
599774.0,12635.0,,,,,1.0,,100.0,30000000000.0,0.0,0.0,0.0,120000000.0,28000000.0,1500000000.0,3000000000.0,-9.0,,,4000000000.0,-9.0,0.0,30.0,20.0,80.0,30000000000.0,3999999991.0,799999998.2
599775.0,12695.0,,,,,1.0,,100.0,8000000000.0,0.0,0.0,0.0,,,1388000000.0,36000000.0,,2400000000.0,120000000.0,10000000000.0,3500000000.0,0.0,7.0,0.0,30.0,8000000000.0,13500000000.0,0.0
599776.0,12697.0,,,,,1.0,,90.0,53000000000.0,0.0,0.0,0.0,,,-9.0,450000000.0,,-9.0,-9.0,800000000.0,0.0,0.0,25.0,-9.0,100.0,47700000000.0,800000000.0,-72000000.0
599777.0,12714.0,,,,,1.0,,100.0,30000000000.0,0.0,0.0,0.0,,,3360000000.0,180000000.0,,19500000000.0,420000000.0,800000000.0,0.0,0.0,70.0,0.0,0.0,30000000000.0,800000000.0,0.0
599778.0,12716.0,,,,,1.0,,100.0,150000000000.0,0.0,0.0,0.0,3200000000.0,,39000000000.0,15000000000.0,,60000000000.0,8000000000.0,2000000000.0,0.0,0.0,50.0,0.0,50.0,150000000000.0,2000000000.0,0.0
599779.0,12717.0,,,,,1.0,,100.0,2196000000.0,0.0,0.0,0.0,,,618000000.0,1080000000.0,,60000000.0,70000000.0,1000000000.0,0.0,0.0,6.0,0.0,50.0,2196000000.0,1000000000.0,0.0
599780.0,12753.0,,,,,1.0,,99.0,2000000000.0,0.0,0.0,0.0,,,600000000.0,150000000.0,,800000000.0,10000000.0,0.0,0.0,0.0,10.0,0.0,0.0,1980000000.0,0.0,0.0
599781.0,12766.0,,,,,1.0,,99.0,1800000000.0,0.0,0.0,0.0,,,220000000.0,20000000.0,,-9.0,-9.0,0.0,0.0,0.0,8.0,-9.0,30.0,1782000000.0,0.0,-0.0
599782.0,12818.0,,,,,1.0,,99.0,56000000000.0,0.0,0.0,0.0,15000000.0,,1600000000.0,44000000.0,52000000000.0,,,2000000000.0,-9.0,0.0,11.0,0.0,60.0,55440000000.0,1999999991.0,0.0
599783.0,12821.0,,,,,1.0,,90.0,500000000.0,0.0,0.0,0.0,,,280000000.0,15000000.0,-9.0,,,0.0,0.0,0.0,7.0,0.0,30.0,450000000.0,0.0,0.0
599784.0,12831.0,,,,,1.0,,100.0,37000000000.0,0.0,0.0,0.0,,,800000000.0,70000000.0,,35000000000.0,300000000.0,1200000000.0,0.0,0.0,16.0,60.0,50.0,37000000000.0,1200000000.0,720000000.0
599785.0,12838.0,,,,,1.0,,80.0,365000000.0,0.0,0.0,0.0,,,100000000.0,100000000.0,,70000000.0,80000000.0,0.0,0.0,0.0,6.0,0.0,0.0,292000000.0,0.0,0.0
599786.0,12872.0,,,,,2.0,,90.0,11000000000.0,0.0,1.0,0.0,50000000.0,,1000000000.0,100000000.0,,8000000000.0,100000000.0,0.0,0.0,0.0,25.0,50.0,70.0,9900000000.0,0.0,0.0
599787.0,12901.0,,,,,2.0,,90.0,5600000000.0,0.0,0.0,0.0,30000000.0,,900000000.0,15000000.0,,3100000000.0,-9.0,0.0,0.0,0.0,15.0,60.0,100.0,5040000000.0,0.0,0.0
599788.0,12936.0,,,,,2.0,,100.0,10000000000.0,0.0,0.0,0.0,100000000.0,,1080000000.0,360000000.0,,1000000000.0,70000000.0,5000000000.0,-9.0,0.0,20.0,70.0,30.0,10000000000.0,4999999991.0,3499999993.7
599790.0,13122.0,,,,,2.0,,70.0,5000000000.0,0.0,0.0,0.0,700000000.0,,1000000000.0,360000000.0,-9.0,,,0.0,0.0,0.0,10.0,-9.0,-9.0,3500000000.0,0.0,-0.0
599791.0,13146.0,,,,,2.0,,70.0,614000000.0,4.0,0.0,0.0,,,300000000.0,4000000.0,-9.0,,,0.0,0.0,0.0,8.0,40.0,60.0,429800000.0,0.0,0.0
599792.0,13178.0,,,,,2.0,,100.0,73000000000.0,0.0,0.0,0.0,,,830000000.0,120000000.0,,65000000000.0,90000000.0,0.0,0.0,0.0,13.0,0.0,0.0,73000000000.0,0.0,0.0
599795.0,13238.0,,,,,2.0,,100.0,80000000000.0,0.0,4.0,0.0,1000000.0,,-9.0,3600000000.0,,-9.0,-9.0,500000000.0,-9.0,0.0,23.0,60.0,100.0,80000000000.0,499999991.0,299999994.59999996
599798.0,13380.0,,,,,2.0,,100.0,1600000000.0,0.0,-9.0,-9.0,1500000000.0,,-9.0,250000000.0,,-9.0,-9.0,50000000.0,0.0,-9.0,7.0,50.0,50.0,1600000000.0,49999991.0,24999995.5
599799.0,13389.0,,,,,2.0,,100.0,122800000000.0,15.0,8.0,300000000.0,,,960000000.0,420000000.0,,95330000000.0,660000000.0,11520000000.0,4500000000.0,300000000.0,10.0,50.0,50.0,122800000000.0,16320000000.0,8160000000.0
599802.0,13430.0,,,,,2.0,,80.0,45000000000.0,0.0,0.0,0.0,,,-9.0,-9.0,-9.0,,,0.0,0.0,0.0,5.0,10.0,0.0,36000000000.0,0.0,0.0
599803.0,13466.0,,,,,2.0,,80.0,128400000000.0,0.0,0.0,0.0,100000000.0,,5000000000.0,85000000.0,-9.0,,,50000000.0,-9.0,0.0,30.0,40.0,70.0,102720000000.0,49999991.0,19999996.400000002
599804.0,13468.0,,,,,2.0,,100.0,635200000000.0,0.0,0.0,0.0,288000000.0,,1920000000.0,30000000.0,631000000000.0,,,40000000.0,-9.0,0.0,25.0,90.0,90.0,635200000000.0,39999991.0,35999991.9
599807.0,13498.0,,,,,2.0,,20.0,50000000000.0,0.0,0.0,0.0,,,-9.0,-9.0,-9.0,,,0.0,0.0,0.0,20.0,50.0,20.0,10000000000.0,0.0,0.0
599808.0,13514.0,,,,,2.0,,70.0,60000000000.0,0.0,0.0,0.0,,,300000000.0,80000000.0,-9.0,,,0.0,0.0,0.0,20.0,0.0,50.0,42000000000.0,0.0,0.0
599809.0,13515.0,,,,,2.0,,90.0,36000000000.0,1.0,6.0,20000000.0,,,8000000000.0,10000000.0,-9.0,,,2000000000.0,-9.0,20000000.0,20.0,30.0,70.0,32400000000.0,2019999991.0,605999997.3
599813.0,13619.0,,,,,2.0,,100.0,1300000000.0,0.0,0.0,180000000.0,1500000000.0,,500000000.0,10000000.0,,300000000.0,150000000.0,0.0,0.0,180000000.0,7.0,0.0,100.0,1300000000.0,180000000.0,0.0
599817.0,14264.0,,,,,1.0,,100.0,8300000000.0,0.0,0.0,0.0,,,1680000000.0,48000000.0,,-9.0,-9.0,0.0,0.0,0.0,14.0,0.0,50.0,8300000000.0,0.0,0.0
599818.0,14271.0,,,,,1.0,,100.0,50000000000.0,1.0,4.0,0.0,,,140000000.0,12000000.0,-9.0,,,600000000.0,0.0,0.0,18.0,0.0,30.0,50000000000.0,600000000.0,0.0
599819.0,14272.0,,,,,1.0,,90.0,5000000000.0,1.0,15.0,0.0,,,3000000000.0,36000000.0,5000000000.0,,,0.0,0.0,0.0,30.0,0.0,50.0,4500000000.0,0.0,0.0
599820.0,14492.0,,,,,1.0,10000000.0,100.0,4000000000.0,0.0,0.0,0.0,,,1200000000.0,6000000.0,-9.0,,,0.0,0.0,0.0,6.0,-9.0,100.0,4000000000.0,0.0,-0.0
599821.0,14499.0,,,,,1.0,,100.0,526000000.0,0.0,0.0,0.0,,,110000000.0,6000000.0,-9.0,,,0.0,0.0,0.0,7.0,100.0,100.0,526000000.0,0.0,0.0
599822.0,14505.0,,,,,1.0,,100.0,1200000000.0,0.0,0.0,0.0,,,300000000.0,45000000.0,600000000.0,,,400000000.0,0.0,0.0,5.0,100.0,100.0,1200000000.0,400000000.0,400000000.0
599823.0,14507.0,,,,,1.0,,100.0,3654000000.0,0.0,1.0,0.0,,,554000000.0,4000000.0,925000000.0,,,0.0,4000000000.0,0.0,10.0,100.0,100.0,3654000000.0,4000000000.0,4000000000.0
599824.0,14513.0,,,,,1.0,,100.0,50000000000.0,0.0,0.0,200000000.0,600000000.0,,5000000000.0,5000000.0,-9.0,,,10000000000.0,0.0,200000000.0,40.0,0.0,0.0,50000000000.0,10200000000.0,0.0
599825.0,14519.0,,,,,1.0,100000000.0,100.0,1200000000.0,0.0,0.0,0.0,1200000000.0,,780000000.0,150000000.0,-9.0,,,2000000000.0,0.0,0.0,6.0,20.0,0.0,1200000000.0,2000000000.0,400000000.0
599826.0,14534.0,,,,,1.0,50000000.0,100.0,2000000000.0,5.0,2.0,0.0,1000000000.0,,700000000.0,80000000.0,-9.0,,,1000000000.0,0.0,0.0,12.0,50.0,10.0,2000000000.0,1000000000.0,500000000.0
599827.0,14543.0,,,,,1.0,,20.0,1000000000.0,0.0,0.0,0.0,,,150000000.0,12000000.0,200000000.0,,,0.0,0.0,0.0,5.0,0.0,0.0,200000000.0,0.0,0.0
599828.0,14577.0,,,,,1.0,,100.0,300000000.0,0.0,0.0,0.0,,80000000.0,160000000.0,5000000.0,-9.0,,,0.0,0.0,0.0,7.0,0.0,70.0,300000000.0,0.0,0.0
599829.0,14675.0,,,,,2.0,,100.0,49000000000.0,0.0,2.0,0.0,300000000.0,,720000000.0,48000000.0,,250000000.0,750000000.0,30000000.0,0.0,0.0,20.0,0.0,100.0,49000000000.0,30000000.0,0.0
599830.0,14682.0,,,,,2.0,,100.0,6000000000.0,0.0,0.0,0.0,360000000.0,,3000000000.0,100000000.0,4500000000.0,,,0.0,0.0,0.0,15.0,20.0,0.0,6000000000.0,0.0,0.0
